UniProt_ID,Glutathione_Site
A0A0A0MRN9,150
A0A0A0MTS7,1103
A0A0A0MTS7,3079
A0A0A0MTS7,4746
A0A0A0MTS7,15102
A0A0A0MTS7,15714
A0A0A0MTS7,17750
A0A0A0MTS7,20573
A0A0A0MTS7,21283
A0A0A0MTS7,28899
A0A0A0MTS7,28899
A0A0A0MTS7,30815
A0A0A0MTS7,32109
A0A0D9SGF6,315
A0A0U1RQK4,23
A0A1C7CYY4,78
A0A2R8Y6G6,78
A0A2R8YDT1,233
A0A5F9ZH43,3349
A0A5F9ZHR7,159
A0A7P0TAG8,262
A0A804F6T5,84
A0A804HHW5,91
A2A5R2,940
A2AAJ9,30
A2AAJ9,977
A2AAJ9,1069
A2AAJ9,1345
A2AAJ9,1437
A2AAJ9,1529
A2AAJ9,1621
A2AAJ9,1713
A2AAJ9,1805
A2AAJ9,1897
A2AAJ9,1989
A2AAJ9,2476
A2AAJ9,3991
A2AAJ9,4096
A2AMM0,141
A2AMZ4,51
A2AN08,260
A2APY7,199
A2AQP0,954
A2AQP0,1256
A2AQP0,1590
A2ASS6,1314
A2ASS6,1730
A2ASS6,1766
A2ASS6,3085
A2ASS6,3085
A2ASS6,3592
A2ASS6,9650
A2ASS6,13296
A2ASS6,13650
A2ASS6,16678
A2ASS6,17138
A2ASS6,18693
A2ASS6,20340
A2ASS6,20367
A2ASS6,22318
A2ASS6,22917
A2ASS6,22917
A2ASS6,23241
A2ASS6,23241
A2ASS6,24876
A2ASS6,27840
A2ASS6,29240
A2ASS6,29240
A2ASS6,30687
A2ASS6,30826
A2ASS6,30826
A2ASS6,31463
A2ASS6,32630
A2ASS6,32950
A2ASS6,33145
A2ASS6,33667
A2ASS6,34371
A2ASS6,34371
A2ASS6,34526
A3QMC5,44
A3QMC5,44
A3QMC5,44
A3QMC5,79
A3QMC5,79
A3QMC5,79
A3QMC5,79
A3QMC5,79
A3QMC5,79
A5HU98,107
A5HU98,107
A5HU98,107
A7E2Y1,1460
A7XZE4,36
B1AKQ8,25
B2RPV6,913
C9JEG4,137
C9JX88,233
D3YYU8,33
D3YYU8,1748
D3YYU8,1757
E5RJR5,160
E9PCR7,346
E9Q401,633
E9Q401,2195
E9Q555,3270
E9Q557,565
E9Q557,1945
E9Q8Q6,895
E9Q8Q6,1021
F5H423,148
F5H7C4,34
G4SLH0,18502
G4SLH0,18502
G4SLH0,18502
G5ECA7,48
G5ECA7,48
G5ECA7,48
G5ECU5,87
G5ECU5,602
G5EEI4,240
G5EEI4,240
G5EEI4,240
G5EEK8,209
G5EEK8,209
G5EEK8,209
G5EEV5,8
G5EEV5,8
H0YBI4,72
H0YBI4,72
H2KZG6,376
H2L0M0,1843
H2L0M0,1843
H2L0M0,1843
H2L0M0,1843
I3L397,22
I3L4N8,261
I3L4N8,261
I3L532,83
K7EKE6,406
K7ERF1,87
M0R117,109
O00151,73
O00330,307
O00483,44
O01504,34
O01504,34
O01504,34
O01504,34
O01504,34
O01504,34
O01504,34
O01504,34
O01504,34
O01692,35
O01692,35
O01692,35
O01692,35
O01692,35
O01692,35
O01804,284
O01804,284
O01804,284
O01868,6
O01868,6
O01868,6
O01868,6
O01868,6
O01868,6
O01868,6
O02056,95
O02056,95
O02056,95
O02056,95
O02056,95
O02056,95
O02056,216
O02056,216
O02056,216
O02286,108
O02286,108
O02286,108
O02640,278
O02640,278
O02640,278
O08553,504
O08638,701
O08709,47
O08749,484
O09161,53
O14818,91
O14958,53
O14958,53
O14958,53
O14958,53
O16368,402
O16368,402
O16368,402
O16368,402
O17071,364
O17071,364
O17071,364
O17570,38
O17622,19
O17622,19
O17622,19
O17953,291
O17953,291
O17953,291
O18650,99
O18650,99
O18650,99
O35074,232
O35386,89
O35639,202
O35855,22
O43678,58
O43678,58
O43813,183
O44480,112
O44480,112
O44480,112
O44480,112
O44480,112
O44480,112
O45011,94
O45011,94
O45011,94
O45012,256
O45012,256
O45012,256
O45552,285
O45712,38
O45713,37
O45713,37
O45865,259
O45865,259
O45865,259
O55023,64
O55111,844
O55126,103
O55143,471
O55143,471
O55143,498
O55143,498
O55143,560
O55143,560
O62246,20
O62277,57
O70250,153
O70250,153
O70325,16
O70468,562
O70468,715
O70492,140
O75208,153
O75323,85
O75380,87
O75390,101
O75390,101
O75390,359
O75569,54
O75874,73
O75947,101
O88844,114
O95299,253
O95299,253
O95563,54
O95831,441
P00367,376
P00397,498
P00505,106
P00505,106
P00505,295
P00505,295
P00505,382
P00505,382
P00505,382
P00558,50
P00558,316
P00558,316
P00568,25
P00568,25
P00568,187
P01009,256
P01009,256
P01009,256
P01029,1612
P01834,27
P01834,87
P01834,87
P01834,87
P01834,87
P01834,87
P01834,87
P01834,107
P01857,27
P01857,308
P01857,308
P01859,246
P01859,304
P01861,305
P01872,352
P01942,105
P01942,105
P01942,105
P01942,105
P01942,105
P01942,105
P01942,105
P01942,105
P01942,105
P01942,105
P01942,105
P01942,105
P01942,105
P01942,105
P01942,105
P01942,105
P01942,105
P01942,105
P01942,105
P02088,94
P02088,94
P02088,94
P02088,94
P02088,94
P02088,94
P02088,94
P02088,94
P02088,94
P02089,94
P02144,111
P02144,111
P02144,111
P02144,111
P02468,30
P02566,189
P02566,259
P02566,259
P02566,259
P02675,316
P02765,358
P02768,99
P02768,125
P02768,125
P02768,148
P02768,148
P02768,148
P02768,148
P02768,201
P02768,201
P02768,224
P02768,224
P02768,224
P02768,224
P02768,224
P02768,289
P02768,289
P02768,416
P02787,58
P02787,213
P02787,596
P02787,656
P02790,408
P04075,73
P04075,135
P04075,135
P04075,135
P04075,135
P04075,202
P04075,240
P04075,339
P04075,339
P04075,339
P04075,339
P04080,3
P04080,3
P04117,118
P04179,220
P04247,67
P04247,67
P04247,67
P04406,247
P04406,247
P04406,247
P04406,247
P04406,247
P04843,477
P04919,215
P05064,73
P05064,150
P05064,202
P05064,240
P05064,240
P05064,290
P05064,339
P05064,339
P05090,185
P05125,129
P05125,145
P05125,145
P05141,160
P05166,90
P05201,391
P05202,212
P05202,295
P05202,295
P05202,382
P05202,382
P05202,382
P05202,382
P05413,125
P05413,125
P05413,125
P05413,125
P05690,185
P05690,185
P05690,185
P05690,209
P05690,1310
P05690,1310
P05690,1310
P05690,1340
P05690,1340
P05690,1340
P05690,1476
P05690,1571
P05690,1571
P05690,1571
P05690,1571
P05690,1571
P05690,1571
P06125,56
P06703,3
P06732,254
P06732,254
P06732,254
P06732,283
P06732,283
P06732,283
P06732,283
P06753,191
P06753,191
P06909,178
P06909,320
P07195,164
P07195,164
P07195,164
P07310,254
P07310,254
P07310,254
P07310,283
P07310,283
P07310,283
P07310,283
P07339,329
P07355,133
P07724,99
P07724,99
P07724,148
P07724,148
P07724,416
P07724,416
P07724,472
P07724,472
P07724,485
P07724,500
P07724,511
P07724,538
P07724,591
P07724,591
P07724,591
P07724,591
P07759,260
P07759,260
P07900,420
P07919,53
P07919,53
P07951,36
P07951,36
P07951,190
P07954,434
P08032,963
P08122,137
P08133,552
P08228,147
P08238,412
P08249,275
P08559,41
P08559,261
P08590,76
P08590,76
P08590,76
P08590,182
P08590,182
P08590,182
P08590,182
P08670,328
P08670,328
P08670,328
P08670,328
P09103,345
P09411,50
P09446,17
P09446,17
P09446,17
P09446,17
P09446,17
P09446,17
P09446,243
P09446,243
P09446,243
P09446,243
P09446,243
P09446,243
P09446,307
P09446,307
P09446,307
P09446,575
P09446,575
P09446,575
P09493,190
P09493,190
P09493,190
P09493,190
P09493,190
P09493,190
P09541,74
P09542,85
P09542,85
P09972,135
P0DM41,258
P0DM41,258
P0DM41,286
P0DM41,286
P0DM41,286
P0DMV9,17
P0DMV9,306
P0DMV9,603
P10126,234
P10567,616
P10567,616
P10567,616
P10567,616
P10567,616
P10567,616
P10649,174
P10768,11
P10809,237
P10986,218
P10986,218
P10986,286
P10986,286
P10986,286
P10986,286
P10986,286
P10986,286
P11141,44
P11141,44
P11141,44
P11142,17
P11152,445
P11152,445
P11177,263
P11216,496
P11216,581
P11216,808
P11216,808
P11310,244
P11531,1751
P12235,160
P12235,160
P12235,257
P12277,254
P12277,254
P12883,400
P12883,400
P12883,400
P12883,400
P12883,672
P12883,672
P12883,672
P12883,695
P12883,905
P12883,905
P12883,905
P12883,947
P12883,947
P12883,947
P12883,1249
P12883,1249
P12883,1249
P12883,1249
P12883,1249
P12883,1249
P12883,1340
P12883,1340
P12883,1340
P12883,1340
P12883,1340
P12883,1340
P12883,1411
P12883,1411
P12883,1411
P12883,1411
P12883,1411
P12883,1748
P12883,1748
P12883,1748
P12883,1748
P12883,1748
P12883,1748
P12883,1748
P12883,1748
P12883,1748
P12883,1748
P12883,1748
P12883,1748
P12883,1748
P12883,1748
P13020,329
P13533,1750
P13533,1750
P13535,908
P13541,38
P13541,793
P13541,906
P13637,418
P13639,67
P13647,55
P13804,109
P13929,399
P14152,137
P14152,137
P14152,137
P14152,154
P14152,154
P14174,81
P14618,326
P14618,358
P14618,358
P14685,206
P15090,118
P15259,23
P15259,153
P16125,164
P16125,164
P16615,447
P16615,471
P16615,471
P16615,498
P16858,245
P16858,245
P16858,245
P16858,282
P16858,282
P17174,46
P17426,830
P17540,90
P17540,90
P17568,80
P17661,333
P17661,333
P17661,333
P17661,333
P17661,333
P17661,333
P17742,62
P18206,422
P18206,545
P18206,545
P18206,737
P18206,1053
P18242,327
P18948,192
P18948,384
P18948,384
P18948,384
P18948,384
P18948,384
P18948,384
P18948,468
P18948,468
P18948,468
P18948,655
P18948,655
P18948,655
P18948,924
P18948,924
P18948,924
P18948,1364
P18948,1364
P18948,1364
P18948,1646
P18948,1646
P18948,1646
P18948,1646
P18948,1646
P18948,1646
P19096,274
P19324,155
P19367,628
P19367,813
P19404,225
P19625,110
P19625,110
P20073,413
P20674,96
P21399,392
P21550,357
P21796,127
P21796,127
P21796,127
P21796,232
P21810,321
P21980,230
P22626,50
P22695,192
P22695,192
P22695,192
P22907,114
P23116,160
P23249,7
P23284,202
P24539,239
P24549,133
P24668,146
P24752,119
P24752,196
P24752,196
P25444,222
P25705,244
P26041,284
P26041,284
P26231,767
P26638,300
P27348,25
P27420,46
P27420,46
P27420,46
P27604,280
P27604,280
P27604,280
P27604,280
P27612,12
P27798,101
P27798,101
P27798,101
P28331,92
P28352,207
P29691,382
P29691,382
P29691,382
P29691,382
P29691,382
P29691,382
P29691,585
P29691,598
P29691,645
P29691,645
P29691,645
P29788,24
P30044,100
P30048,229
P30048,229
P30086,133
P30086,168
P30405,203
P30405,203
P31001,332
P31001,332
P31001,332
P31001,332
P31001,332
P31040,536
P31040,536
P31040,536
P31040,654
P31040,654
P31930,154
P31930,154
P31930,410
P31930,410
P31930,410
P31930,410
P31930,445
P32119,172
P32119,172
P32119,172
P32119,172
P32119,172
P32261,54
P33121,108
P34255,432
P34255,432
P34255,432
P34328,61
P34328,61
P34328,61
P34334,101
P34334,101
P34334,101
P34334,101
P34334,101
P34334,101
P34346,53
P34346,53
P34346,53
P34455,382
P34455,382
P34455,382
P34455,382
P34455,382
P34563,77
P34563,77
P34563,77
P34563,77
P34563,77
P34563,77
P34563,77
P34563,77
P34563,77
P34563,77
P34690,314
P34690,314
P34690,314
P35441,318
P35579,740
P35609,48
P35609,161
P35609,161
P35609,187
P35609,187
P35609,187
P35609,339
P35609,339
P35609,339
P35609,487
P35609,862
P35754,8
P36542,103
P36542,103
P36552,308
P37806,493
P37806,493
P37806,493
P38646,487
P38646,608
P39876,155
P40925,137
P40925,137
P40925,137
P40925,137
P40925,137
P40925,154
P40925,154
P40925,154
P40925,154
P40925,154
P40926,212
P40926,285
P40939,322
P40939,322
P40939,349
P40939,349
P40939,470
P40939,747
P40939,747
P40939,747
P40939,747
P41216,109
P41216,626
P41216,626
P41932,96
P41932,96
P41932,96
P41932,96
P41988,239
P42765,179
P42932,347
P43508,322
P43508,322
P46471,225
P46471,236
P46561,119
P46561,119
P46561,119
P46561,119
P46561,292
P46561,292
P46561,292
P46561,292
P46561,292
P46561,292
P46563,153
P46563,153
P46563,153
P46769,107
P46769,107
P46769,107
P46769,163
P46769,163
P46769,163
P47208,410
P47738,388
P47857,709
P47857,860
P47934,449
P47962,62
P47962,76
P48047,141
P48150,86
P48150,86
P48150,86
P48150,140
P48150,140
P48150,140
P48150,140
P48150,140
P48150,140
P48152,121
P48152,121
P48152,121
P48152,121
P48152,121
P48152,121
P48154,109
P48154,109
P48154,199
P48154,199
P48154,199
P48158,28
P48158,28
P48158,28
P48158,28
P48158,28
P48158,28
P48158,28
P48158,28
P48158,28
P48158,63
P48158,63
P48158,63
P48158,63
P48681,493
P48735,113
P48735,113
P48735,113
P48735,154
P48735,154
P48735,154
P48735,418
P48758,226
P48962,57
P48962,129
P48962,129
P48962,160
P48962,160
P48962,160
P48962,257
P48962,257
P48962,257
P48962,257
P48962,257
P48962,257
P48962,257
P48962,257
P48962,257
P49041,72
P49041,72
P49041,72
P49196,47
P49196,47
P49196,47
P49196,47
P49196,77
P49196,77
P49196,77
P49196,114
P49196,114
P49196,114
P49197,57
P49197,57
P49197,57
P49197,57
P49197,57
P49197,57
P49368,173
P49615,94
P49722,137
P49753,183
P50140,106
P50140,106
P50140,106
P50140,417
P50140,417
P50140,417
P50395,414
P50431,329
P50432,230
P50432,230
P50432,230
P50461,25
P50461,25
P50461,58
P50461,79
P50461,79
P50461,120
P50461,168
P50462,25
P50880,157
P50991,410
P50995,226
P50995,384
P50995,501
P51174,166
P51174,166
P51174,351
P51403,139
P51403,139
P51403,139
P51403,178
P51403,178
P51403,178
P51403,184
P51403,184
P51403,184
P51403,184
P51403,184
P51403,184
P51403,218
P51403,218
P51403,218
P51403,218
P51403,218
P51403,218
P51830,104
P51881,129
P51881,257
P51881,257
P51881,257
P52015,40
P52015,40
P52015,40
P52015,40
P52015,40
P52015,40
P52015,122
P52015,122
P52015,122
P52015,122
P52015,122
P52015,122
P52179,798
P52275,12
P52275,12
P52275,12
P52275,12
P52480,326
P52480,326
P52503,79
P52819,27
P52819,27
P52819,27
P52821,95
P52821,95
P52821,95
P53013,326
P53013,326
P53013,326
P53013,326
P53013,326
P53013,326
P53013,326
P53013,326
P53013,326
P53013,326
P53026,66
P54071,113
P54071,113
P54071,154
P54071,154
P54071,402
P54071,402
P54071,418
P54071,418
P54216,312
P54216,312
P54216,312
P54310,163
P54823,361
P55084,458
P55155,1312
P55155,1312
P55155,1312
P55155,1613
P55155,1613
P55155,1613
P55292,899
P55809,235
P55809,465
P55809,504
P56134,7
P56381,19
P56391,30
P58771,190
P60174,42
P60174,67
P60174,127
P60174,127
P60174,218
P60709,17
P60710,217
P60710,217
P61866,17
P61866,17
P61866,17
P62242,174
P62717,64
P62754,12
P62784,74
P62784,74
P62784,74
P62879,25
P62879,148
P62937,52
P62937,115
P62937,161
P62937,161
P62937,161
P62937,161
P62937,161
P62937,161
P63104,25
P63220,56
P68032,219
P68032,259
P68032,259
P68032,259
P68032,287
P68032,287
P68032,287
P68032,287
P68032,376
P68033,219
P68033,259
P68033,259
P68033,259
P68033,259
P68033,259
P68033,259
P68033,287
P68033,287
P68033,287
P68133,259
P68133,287
P68371,12
P68371,12
P68372,12
P68372,303
P68871,94
P68871,94
P68871,113
P68871,113
P68871,113
P68871,113
P69905,105
P69905,105
P69905,105
P70266,432
P70296,13
P70404,81
P70404,81
P70404,81
P80316,407
P84104,72
P91303,104
P91303,104
P91303,104
P97333,54
P97384,382
P97443,125
P97447,126
P98156,246
P98156,246
P98192,53
P99028,51
P99028,65
P99029,152
P99029,200
Q01063,319
Q01339,264
Q01341,418
Q02338,63
Q02566,37
Q02566,37
Q02566,37
Q02566,37
Q02566,37
Q02566,37
Q02566,401
Q02566,401
Q02566,401
Q02566,674
Q02566,674
Q02566,697
Q02566,697
Q02566,907
Q02566,907
Q02566,907
Q02566,907
Q02566,907
Q02566,949
Q02566,949
Q02566,949
Q02566,949
Q02566,949
Q02566,949
Q02566,1342
Q02566,1342
Q02566,1342
Q02566,1342
Q02566,1413
Q02566,1413
Q02566,1413
Q02566,1413
Q02566,1413
Q02566,1750
Q02566,1750
Q02566,1750
Q02566,1750
Q02566,1750
Q02566,1750
Q02566,1750
Q02566,1750
Q02566,1750
Q04447,283
Q05036,383
Q05793,2170
Q05793,2268
Q05793,3464
Q05793,3671
Q06323,22
Q07076,388
Q07417,246
Q07750,110
Q07750,110
Q07750,110
Q07968,136
Q09533,105
Q09533,105
Q09533,105
Q09533,105
Q09543,150
Q09543,150
Q09543,150
Q09567,471
Q09567,471
Q09567,471
Q09666,2806
Q10454,61
Q10454,61
Q10454,61
Q10454,61
Q10454,61
Q10454,61
Q10454,179
Q10454,179
Q10454,179
Q10454,179
Q10454,179
Q10454,179
Q10454,242
Q10454,242
Q10454,242
Q10454,242
Q10454,242
Q10454,242
Q10454,312
Q10454,312
Q10454,312
Q10454,341
Q10454,341
Q10454,341
Q10454,341
Q10454,341
Q10454,341
Q13011,102
Q13011,102
Q13423,1073
Q13423,1073
Q14204,2639
Q14315,1991
Q14315,2454
Q14315,2660
Q14315,2660
Q14896,566
Q14896,623
Q14896,651
Q14896,651
Q14C51,259
Q15124,165
Q15435,104
Q16698,86
Q16698,116
Q16698,116
Q16718,17
Q16798,223
Q16836,211
Q16836,211
Q17761,126
Q17761,126
Q17761,126
Q17763,162
Q17763,162
Q17763,162
Q17763,162
Q17832,214
Q17832,214
Q17832,214
Q18688,682
Q18688,682
Q18688,682
Q19058,211
Q19058,211
Q19058,211
Q19058,211
Q19058,211
Q19058,211
Q19102,88
Q19102,88
Q19102,88
Q19102,88
Q19102,88
Q19102,88
Q19162,79
Q19162,79
Q19264,299
Q19278,345
Q19626,94
Q19626,94
Q19626,94
Q19749,150
Q19749,150
Q19749,150
Q19877,8
Q19877,8
Q19877,8
Q19980,44
Q19980,44
Q19980,44
Q1XH17,456
Q1XH17,456
Q20206,110
Q20206,110
Q20206,110
Q20206,128
Q20206,128
Q20206,128
Q20363,5
Q20363,5
Q20363,5
Q21215,188
Q21276,390
Q21276,390
Q21276,390
Q21824,170
Q21824,170
Q21824,170
Q21962,192
Q21962,192
Q21962,192
Q23621,313
Q23621,313
Q23621,313
Q27245,443
Q27245,443
Q27245,443
Q27389,136
Q27389,136
Q27389,136
Q27535,275
Q27535,275
Q27535,275
Q2TPA8,218
Q3THK7,523
Q3TLP5,13
Q3TQB2,332
Q3TZZ7,734
Q3U0S6,432
Q3U186,3
Q3UHD6,191
Q3UHZ5,89
Q3URS9,311
Q3UV70,33
Q4G0N4,58
Q4U4S6,614
Q4U4S6,3334
Q58A65,1155
Q5BKX8,288
Q5JXI2,87
Q5PRF0,586
Q5SXM2,687
Q60597,904
Q60675,449
Q60675,734
Q61107,417
Q61129,78
Q61147,713
Q61171,172
Q61233,346
Q61234,412
Q61543,563
Q61554,1849
Q61655,324
Q62059,270
Q62234,778
Q62234,778
Q62261,1284
Q62407,3044
Q63844,83
Q64105,235
Q64449,67
Q64727,325
Q65XX1,492
Q69ZR2,2260
Q6P8J7,90
Q6P8J7,180
Q6P8J7,180
Q6P8J7,238
Q6P8J7,238
Q6P8J7,238
Q6P8J7,317
Q6P8J7,317
Q6P8J7,317
Q6P8X1,149
Q6YN16,218
Q6ZPJ3,336
Q6ZQ38,237
Q702N8,1215
Q71LX4,723
Q71RI9,432
Q76MZ3,377
Q7TMF3,92
Q7TNS2,13
Q7TSV4,58
Q7Z072,228
Q7Z072,228
Q7Z072,228
Q80TV8,173
Q80U72,1594
Q80UM3,238
Q80WP8,470
Q80XL6,106
Q80YV4,787
Q811U4,167
Q8BFY9,790
Q8BGC4,218
Q8BGH2,237
Q8BGI7,263
Q8BHC4,135
Q8BHF7,477
Q8BIJ6,91
Q8BIJ6,883
Q8BKC5,1057
Q8BKY8,55
Q8BMF3,19
Q8BMF4,33
Q8BMF4,45
Q8BMF4,163
Q8BML9,687
Q8BMS1,349
Q8BMS1,470
Q8BMS1,550
Q8BMS4,156
Q8BT60,249
Q8BTI9,110
Q8BWT1,179
Q8BWT1,179
Q8BWT1,287
Q8BWT1,287
Q8BYM8,511
Q8C129,305
Q8C1A5,427
Q8CEE7,201
Q8CG76,222
Q8CGC7,336
Q8CGY6,207
Q8CGY6,368
Q8CGY6,786
Q8CGY8,44
Q8CHT0,347
Q8CIZ8,9
Q8CIZ8,2676
Q8JZQ2,625
Q8K0E8,85
Q8K0E8,213
Q8K0E8,260
Q8K0Z7,157
Q8K1N1,33
Q8K2B3,89
Q8K2B3,89
Q8K2B3,266
Q8K2B3,357
Q8K2B3,536
Q8K2B3,536
Q8K2B3,654
Q8K2Y7,89
Q8K370,197
Q8K411,850
Q8K4F5,30
Q8MXH7,114
Q8MXH7,114
Q8MXH7,114
Q8QZS1,44
Q8QZT1,116
Q8QZT1,123
Q8QZT1,193
Q8R1Q8,247
Q8R216,166
Q8R3B1,96
Q8R4N0,103
Q8VDD5,789
Q8VEM8,232
Q8WQA8,35
Q8WQA8,35
Q8WQA8,35
Q8WQA8,35
Q8WQA8,35
Q8WQA8,69
Q8WZ42,4404
Q8WZ42,15004
Q8WZ42,16276
Q8WZ42,17831
Q8WZ42,19092
Q8WZ42,20418
Q8WZ42,23138
Q8WZ42,28174
Q8WZ42,33718
Q91UZ5,92
Q91V92,509
Q91V92,623
Q91VD9,64
Q91VD9,75
Q91VD9,367
Q91VD9,367
Q91VD9,463
Q91VR2,103
Q91WC3,142
Q91WK1,8
Q91YT0,286
Q91Z83,695
Q91Z83,947
Q91ZE0,80
Q91ZX7,944
Q91ZX7,2953
Q921G7,265
Q921G7,386
Q921G7,560
Q921I1,137
Q921I1,363
Q921I1,597
Q921M3,547
Q922B2,334
Q924T2,13
Q924X2,448
Q924X2,548
Q924X2,586
Q924X2,608
Q924X2,608
Q93572,27
Q93572,27
Q93572,27
Q93572,119
Q93572,119
Q93572,119
Q93573,81
Q93573,81
Q93573,81
Q93573,81
Q93573,81
Q93573,81
Q93576,109
Q93576,109
Q93576,109
Q93576,109
Q93576,109
Q93576,117
Q93576,117
Q93576,117
Q93934,41
Q93934,319
Q93934,319
Q93934,319
Q94300,79
Q94300,79
Q94300,79
Q95X44,83
Q95X44,83
Q95X44,151
Q95X44,151
Q95X44,151
Q95XJ0,107
Q95XJ0,107
Q95XJ0,107
Q95XJ0,298
Q95XJ0,298
Q95XJ0,298
Q95Y04,22
Q95Y04,22
Q95Y04,22
Q95Y04,22
Q95Y04,22
Q95Y04,22
Q95Y90,72
Q95Y90,72
Q95Y90,72
Q95YF3,98
Q95YF3,98
Q95YF3,98
Q966I8,70
Q96FJ2,24
Q96FJ2,24
Q96GK7,215
Q99798,126
Q99798,126
Q99798,126
Q99798,126
Q99798,226
Q99798,385
Q99798,385
Q99798,385
Q99798,592
Q99798,592
Q99JR6,133
Q99JW4,219
Q99JY0,436
Q99JY0,436
Q99KI0,126
Q99KI0,126
Q99KI0,126
Q99KI0,385
Q99KI0,385
Q99KI0,592
Q99KV1,169
Q99L43,99
Q99L47,208
Q99LC5,53
Q99LC5,53
Q99N94,167
Q99NB9,933
Q99NB9,1250
Q9BKU5,70
Q9BKU5,70
Q9BKU5,70
Q9BKU5,100
Q9BKU5,100
Q9BKU5,100
Q9BKU5,141
Q9BKU5,141
Q9BKU5,141
Q9BL03,69
Q9BL03,69
Q9BL03,69
Q9BL19,146
Q9BL19,146
Q9BL19,146
Q9BL19,146
Q9BL19,146
Q9BL19,146
Q9BL27,99
Q9BL27,99
Q9BL27,99
Q9CPP6,17
Q9CPV4,182
Q9CPV4,206
Q9CPX7,26
Q9CQ54,40
Q9CQ62,86
Q9CQ62,116
Q9CQ62,116
Q9CQ75,58
Q9CQA3,70
Q9CQB5,99
Q9CQJ8,31
Q9CQM9,148
Q9CQQ7,239
Q9CQT1,199
Q9CR59,124
Q9CR62,184
Q9CXI0,244
Q9CXW4,72
Q9CY73,96
Q9CZ13,69
Q9CZ13,69
Q9CZ13,268
Q9CZ13,268
Q9CZ13,380
Q9CZ13,410
Q9CZ13,410
Q9CZ13,410
Q9CZ13,410
Q9CZ13,410
Q9CZM2,27
Q9CZU6,101
Q9CZU6,101
Q9D0J4,102
Q9D0K2,504
Q9D0M3,139
Q9D0M3,219
Q9D0M3,219
Q9D0M3,219
Q9D0M5,24
Q9D1M0,31
Q9D1Q6,189
Q9D2G2,37
Q9D2N4,48
Q9D5V5,188
Q9D6R2,127
Q9D6R2,127
Q9D7B6,215
Q9D8B4,95
Q9D8B4,95
Q9D8W5,31
Q9DB20,141
Q9DB20,141
Q9DB77,192
Q9DB77,192
Q9DB77,192
Q9DB77,192
Q9DBC7,18
Q9DBJ1,55
Q9DC69,86
Q9DCH4,260
Q9DCL9,295
Q9DCT1,191
Q9DCW4,42
Q9DCX2,101
Q9DCX2,101
Q9EQ20,413
Q9EQI8,50
Q9EQI8,50
Q9ERG2,620
Q9ERI6,214
Q9ERK4,61
Q9GP94,80
Q9GZH3,349
Q9H2U2,44
Q9H9P8,272
Q9HAV7,28
Q9JHK4,384
Q9JI91,48
Q9JI91,48
Q9JI91,187
Q9JI91,187
Q9JI91,187
Q9JI91,339
Q9JI91,339
Q9JI91,781
Q9JIF0,167
Q9JIF7,623
Q9JK23,69
Q9JLT4,446
Q9N358,35
Q9N358,35
Q9N358,35
Q9N358,244
Q9N358,244
Q9N358,244
Q9N3D9,37
Q9N3X2,78
Q9N3X2,78
Q9N3X2,78
Q9N3X2,78
Q9N3X2,78
Q9N3X2,78
Q9N3X2,123
Q9N3X2,123
Q9N3X2,123
Q9N4I4,65
Q9N4I4,65
Q9N4I4,65
Q9N4I4,65
Q9N4I4,65
Q9N4I4,65
Q9N4J2,206
Q9N4J2,206
Q9N4J2,206
Q9N4J2,206
Q9N4J2,206
Q9N4J2,206
Q9N4J2,364
Q9N4J2,364
Q9N4J2,364
Q9N4J2,626
Q9N4J2,626
Q9N4J2,626
Q9N4J2,1330
Q9N4J2,1330
Q9N4J2,1330
Q9N4J2,1474
Q9N4J2,1474
Q9N4J2,1474
Q9N4J2,1474
Q9N4J2,1474
Q9N4J2,1474
Q9N4J2,1560
Q9N4J2,1560
Q9N4J2,1560
Q9N4J2,1560
Q9N4J2,1600
Q9N4J2,1600
Q9N4J2,1600
Q9N5V3,386
Q9NAA7,44
Q9NEN6,100
Q9NEN6,100
Q9NEN6,100
Q9NEN6,100
Q9NEN6,100
Q9NEN6,100
Q9NEN6,100
Q9NF11,86
Q9NF11,86
Q9NX63,183
Q9NZ09,45
Q9NZ45,72
Q9NZ45,83
Q9QVP4,164
Q9QWR8,49
Q9QXA5,59
Q9QXS1,2960
Q9QXS1,3112
Q9QXS1,3117
Q9QXZ0,2062
Q9QYR9,55
Q9QZQ1,642
Q9R0Y5,187
Q9R0Y5,187
Q9TXP0,77
Q9TXP0,77
Q9TXP0,77
Q9TXP0,77
Q9TXU7,51
Q9TXU7,51
Q9TXU7,51
Q9TZS5,29
Q9TZS5,29
Q9TZS5,29
Q9U2Q8,25
Q9U2Q8,25
Q9U2Q8,25
Q9U302,242
Q9U302,242
Q9U302,242
Q9U302,242
Q9U302,242
Q9U302,242
Q9U302,383
Q9U302,383
Q9UAV5,331
Q9UAV5,331
Q9UBQ7,57
Q9UH65,40
Q9UKU7,217
Q9WTI7,161
Q9WTX6,149
Q9WUB3,373
Q9WUB3,496
Q9WUB3,496
Q9XTT9,373
Q9XTV4,6
Q9XVF7,90
Q9XVF7,90
Q9XVF7,90
Q9XVF7,90
Q9XVF7,114
Q9XVF7,114
Q9XVF7,114
Q9XVF7,114
Q9XVF7,114
Q9XW17,78
Q9XW17,78
Q9XW17,78
Q9XW17,241
Q9XW92,521
Q9XW92,521
Q9XW92,521
Q9XWS4,87
Q9XWS4,87
Q9XWS4,87
Q9XWS4,94
Q9XWS4,94
Q9XWS4,94
Q9XXK1,229
Q9XXK1,229
Q9XXK1,229
Q9Y277,65
Q9Y277,65
Q9Y277,229
Q9Y277,229
Q9Y281,80
Q9Y3D6,41
Q9Z1P6,55
Q9Z1P6,55
