UniProt_ID,Glutathionylation_site,structure_available,Acetylation_sites,Methylation_sites,Phosphorylation_sites,Ubiquitination_sites,Succinylation_sites,Malonylation_sites,O_linked_Glycosylation_sites,N_linked_Glycosylation_sites
A0A0A0MRN9,150,yes,,,,,,,,
A0A0A0MTS7,1103,no,,,,,,,,
A0A0A0MTS7,3079,no,,,,,,,,
A0A0A0MTS7,4746,no,,,,,,,,
A0A0A0MTS7,15102,no,,,,,,,,
A0A0A0MTS7,15714,no,,,,,,,,
A0A0A0MTS7,17750,no,,,,,,,,
A0A0A0MTS7,20573,no,,,,,,,,
A0A0A0MTS7,21283,no,,,,,,,,
A0A0A0MTS7,28899,no,,,,,,,,
A0A0A0MTS7,30815,no,,,,,,,,
A0A0A0MTS7,32109,no,,,,,,,,
A0A0D9SGF6,315,no,,,,,,,,
A0A0U1RQK4,23,no,,,,,,,,
A0A1C7CYY4,78,yes,,,,,,,,
A0A2R8Y6G6,78,yes,,,,,,,,
A0A2R8YDT1,233,yes,,,,,,,,
A0A5F9ZH43,3349,no,,,,,,,,
A0A5F9ZHR7,159,no,,,,,,,,
A0A7P0TAG8,262,yes,,,,,,,,
A0A804F6T5,84,yes,,,,,,,,
A0A804HHW5,91,yes,,,,,,,,
A2A5R2,940,yes,,,,,,,,
A2AAJ9,30,no,,,,,,,,
A2AAJ9,977,no,,,,,,,,
A2AAJ9,1069,no,,,,,,,,
A2AAJ9,1345,no,,,,,,,,
A2AAJ9,1437,no,,,,,,,,
A2AAJ9,1529,no,,,,,,,,
A2AAJ9,1621,no,,,,,,,,
A2AAJ9,1713,no,,,,,,,,
A2AAJ9,1805,no,,,,,,,,
A2AAJ9,1897,no,,,,,,,,
A2AAJ9,1989,no,,,,,,,,
A2AAJ9,2476,no,,,,,,,,
A2AAJ9,3991,no,,,,,,,,
A2AAJ9,4096,no,,,,,,,,
A2AMM0,141,yes,,,,,,,,
A2AMZ4,51,yes,,,,,,,,
A2AN08,260,no,,,,,,,,
A2APY7,199,yes,,,,,,,,
A2AQP0,954,yes,,,967,,,,,
A2AQP0,1256,yes,,,,,,,,
A2AQP0,1590,yes,,,872,,,,,
A2ASS6,1314,no,,,,,,,,
A2ASS6,1730,no,,,,,,,,
A2ASS6,1766,no,,,,,,,,
A2ASS6,3085,no,,,,,,,,
A2ASS6,3592,no,,,,,,,,
A2ASS6,9650,no,,,,,,,,
A2ASS6,13296,no,,,,,,,,
A2ASS6,13650,no,,,,,,,,
A2ASS6,16678,no,,,,,,,,
A2ASS6,17138,no,,,,,,,,
A2ASS6,18693,no,,,,,,,,
A2ASS6,20340,no,,,,,,,,
A2ASS6,20367,no,,,,,,,,
A2ASS6,22318,no,,,,,,,,
A2ASS6,22917,no,,,,,,,,
A2ASS6,23241,no,,,,,,,,
A2ASS6,24876,no,,,,,,,,
A2ASS6,27840,no,,,,,,,,
A2ASS6,29240,no,,,,,,,,
A2ASS6,30687,no,,,,,,,,
A2ASS6,30826,no,,,,,,,,
A2ASS6,31463,no,,,,,,,,
A2ASS6,32630,no,,,,,,,,
A2ASS6,32950,no,,,,,,,,
A2ASS6,33145,no,,,,,,,,
A2ASS6,33667,no,,,,,,,,
A2ASS6,34371,no,,,,,,,,
A2ASS6,34526,no,,,,,,,,
A3QMC5,44,yes,,,81,,,,,
A3QMC5,79,yes,,,81,,,,,
A5HU98,107,yes,,,,,,,,
A7E2Y1,1460,yes,,,,,,,,
A7XZE4,36,yes,,,,,,,,
B1AKQ8,25,yes,,,,,,,,
B2RPV6,913,yes,,,900,,,,,
C9JEG4,137,yes,,,,,,,,
C9JX88,233,yes,,,,,,,,
D3YYU8,33,yes,,,10,,,,,
D3YYU8,1748,yes,,,,,,,,
D3YYU8,1757,yes,,,,,,,,
E5RJR5,160,yes,,,,,,,,
E9PCR7,346,yes,,,,332;336;385;530;577,,,,
E9Q401,633,no,,,,,,,,
E9Q401,2195,no,,,,,,,,
E9Q555,3270,no,,,,,,,,
E9Q557,565,no,,,,,,,,
E9Q557,1945,no,,,,,,,,
E9Q8Q6,895,yes,,,,,,,,
E9Q8Q6,1021,yes,,,,,,,,
F5H423,148,yes,,,,,,,,
F5H7C4,34,yes,,,25;27,,,,,
G4SLH0,18502,no,,,,,,,,
G5ECA7,48,yes,,,,,,,,
G5ECU5,87,yes,,,,,,,,
G5ECU5,602,yes,,,,,,,,
G5EEI4,240,yes,,,,,,,,
G5EEK8,209,yes,,,171,,,,,
G5EEV5,8,yes,,,,,,,,
H0YBI4,72,no,,,,,,,,
H2KZG6,376,yes,,,,,,,,
H2L0M0,1843,yes,,,,,,,,
I3L397,22,yes,,,,,,,,
I3L4N8,261,yes,,,,,,,,
I3L532,83,yes,,,,,,,,
K7EKE6,406,yes,,,,,,,,
K7ERF1,87,yes,,,,,,,,
M0R117,109,yes,,,,11;76,,,,
O00151,73,yes,71,,31;34;37;78;80,,,71,,
O00330,307,yes,488;491,491,304;468;470;472;473;489,,,491,,
O00483,44,yes,55;63,47;55;63,,55;63,,,,
O01504,34,yes,,,,,,,,
O01692,35,yes,,,,,,,,
O01804,284,yes,,,,,,,,
O01868,6,yes,,,,,,,,
O02056,95,yes,,,,,,,,
O02056,216,yes,,,,,,,,
O02286,108,yes,,,,,,,,
O02640,278,yes,,,,,,,,
O08553,504,yes,,,499;507;509,511,,,507,
O08638,701,yes,,,,,,,,
O08709,47,yes,97;106;122,,18;19;44;48;49;72;75;83;89;93;95;146,,,56;97;106,152,
O08749,484,yes,420;505,,476,420,420;505,,,
O09161,53,yes,,,36;38,,,,,
O14818,91,yes,115;218,212,97;103;106;108;110;113;145;152;153;216,115;218,,,93;130,
O14958,53,yes,97;98,,36;38,,,,,
O16368,402,yes,,,,,,,,
O17071,364,yes,,,352;356,,,,,
O17570,38,yes,,,40;41;43,,,,,
O17622,19,yes,,,2,,,,,
O17953,291,yes,,,,,,,,
O18650,99,yes,,,95,,,,,
O35074,232,yes,,,222;224,,,,,
O35386,89,yes,108;120;231;311,,,,108;120;231;311,,,
O35639,202,yes,126;154;176;177;196,,119;139;167,210,,,,
O35855,22,yes,,,,,,,,
O43678,58,yes,64,,27,,,,,
O43813,183,yes,142;245,,153;185;188;189;203;207,142,,,,
O44480,112,yes,,,,,,,,
O45011,94,yes,,,53;92;134;240,,,,,
O45012,256,yes,,,,,,,,
O45552,285,yes,,,,,,,,
O45712,38,yes,,,,,,,,
O45713,37,yes,,,7,,,,,
O45865,259,yes,,,46,,,,,
O55023,64,yes,52;59;61,,56;57,,,,,
O55111,844,yes,,,839,783,,,,
O55126,103,yes,94;140,,,,140;276,,,
O55143,471,yes,460;476;514,,383;385;415;441;443;446;499,,,464;502,,
O55143,498,yes,476;514,,415;446;484;488;493;495;497;499;504;506;507;509;531;565;580,,,502,,
O55143,560,yes,514,,184;186;353;357;358;378;383;385;415;441;443;446;488;493;495;546;553;555;557;565,,,,,
O62246,20,yes,,,,,,,,
O62277,57,yes,,,,,,,,
O70250,153,yes,100,,92;96;103;118;121;132;133;134;135;137;152;189,106;113;129;138;146;157,,100,,
O70325,16,no,,,,,,,,
O70468,562,yes,,,546;598;610;611,,,,,
O70468,715,yes,,,730,,,,,
O70492,140,yes,128,70,71;72;155,,,,,
O75208,153,yes,,,188,,,,,
O75323,85,yes,82;91;281,,158,281,281,,,
O75380,87,yes,98;105;108,,100;114,,,,,
O75390,101,yes,103;366,,80;97;237;252;255,103;366,,103,,
O75390,359,yes,103;366;375;382,,97;237;252;255;345,103;366;382,,103;382,,
O75569,54,yes,84,,34;52;71;76;78;82;83,,,,,
O75874,73,yes,58;65;93,,9;19;42;77;94;98;106;278;287;292;293;302;311;313;316;319,58,,,,
O75947,101,yes,93;95;99;109,,100;106;108,,95;99;109,109,,
O88844,114,yes,115;126;400,,337;389;391;394,,115;126;400,115,,
O95299,253,yes,242;243,,50;241,70;84;242;243;252;268;277;280;285,285,,,
O95563,54,yes,49,,,,,,,
O95831,441,yes,,,260;263;416;431,255,,,,
P00367,376,yes,390,,316;336;367;370;391;409,365;399,365;390,,,
P00397,498,yes,,,,,,,,
P00505,106,yes,94;107;116;122;296;302;309;338,,79;96;109;118;128;131;133;135;143;276;277;284;306;316;317;333,94;107;122;142;259;296;302;320,296;309;338,122;296;302;309;338,,
P00505,295,yes,107;116;122;150;234;235;296;302;309,150,109;118;128;131;143;231;306,107;122;142;234;259;296;302,234;296;309,122;296;302;309,,
P00505,382,yes,73;159;185;191;253;256;345;353;361;363;387;404;430,,48;161;276;356;360;399;401;409;414;415;416;420;429,59;73;185;191;353;361;363;404,59;73;159;185;363;404,59;73;159;404,,
P00558,50,yes,6;11;15;48;56;86;91;156;184;191,39;191,8;46;57;62;87;115;155;161;175;415,11;48;86;91;156;184;192,48,15;41;156;191;192,46;175;415,
P00558,316,yes,216;220;291;322;323;353;361;382,,243;255;256;281;288;298;302;305;320;321;324;329;378,216;220;291;323;361,,220;353;361,255,
P00568,25,yes,21;27;31,,19;32;34;35;38;39;153;157;164;178;181;184;188,31,,21,,
P00568,187,yes,21;27;31,,19;32;34;35;38;178;181;184;188,31,,21,,
P01009,256,yes,257,,307;309,,,,,
P01029,1612,yes,,,,,,,,
P01834,27,yes,,,49;52;55;57;65;67;70;71;85;90;95;96;99,,,,,
P01834,87,yes,,,49;52;55;57;67;70;71;85;90;95;96;99,,,,,
P01834,107,yes,,,85;99,,,,,
P01857,27,yes,,,7;14;15;17;18;22,,,,,
P01857,308,yes,,,133;137;247;249;276;277;290;291;294;298;323;325;327,,,,,
P01859,246,yes,,,243;245;294;319;321;323,,,,,
P01859,304,yes,,,129;243;245;294;319;321;323,,,,,
P01861,305,yes,,,130;244;246;288;295,,,,,
P01872,352,yes,,,,,,,,441
P01942,105,yes,12;17;41;57;61;100,,25;36;39;40;42;43;50;53;69;103;109;112;119;125;132;134;135;138,,12;17;41,12;17,53,
P02088,94,yes,67;83;96;145,,36;39;42;45;70;81;85;88;90;140,145,,83;96;145,,
P02089,94,yes,83;96;145,105,36;39;42;45;85;88;90;140,67;96,,83;145,,
P02144,111,yes,17;48;51;57;63;64;78,,40;52;59;68;71;104;109;118,,,,,
P02468,30,yes,,,,,,,1216,1203;1221
P02566,189,yes,,,,,,,,
P02566,259,yes,,,,,,,,
P02675,316,yes,313,,228;230;237;289;481,,,,,
P02765,358,yes,,,59,,,,,
P02768,99,yes,44;65;88;97;117;130,,54;71;89;92;100;103;107;108;164,97,,,89,
P02768,125,yes,88;97;117;130;223;229;490,,54;89;92;100;103;107;108;172;267,97;229,229,,89,
P02768,148,yes,160;161;183;186;198;205,,149;162;164;190,,,,,
P02768,201,yes,183;186;198;205,,149;162;190,,,,,
P02768,224,yes,130;214;219;223;229;236;264;490;499,,18;54;172;174;216;217;260;263;267;311;366;476;478;498;502;504,229;499,229,,,
P02768,289,yes,249;257;264;286;298;300;305;310,,244;256;260;263;287;294;296;297;311,286;298,,,,
P02768,416,yes,413;426;456;460;463;468;565,,365;366;425;435;451;476;478;513,,,,,
P02787,58,yes,37,,47;51;55;64;305;306,,,37;310,51,
P02787,213,yes,225,,144;207;227,,,122;310,,
P02787,596,yes,453;553,,454;456;487;536,,,553,,432
P02787,656,yes,553;646;659,,536;643;645;666,,,373;553;659,,432;630
P02790,408,yes,386,,319;327;331;437,,,,,453
P04075,73,yes,28;96;99;147;230;284;322;330;342,330,17;65;71;100;186;227;230;266;269;272;276;281;299;301;302;309;326;328;336;343;344;346,28;96;101;230;284;322;330;342,,99;147;322,,
P04075,135,yes,13;14;96;99;108;111;139;147;230,,9;17;36;83;85;93;125;132;174;176;186;223;227;230,14;96;108;111;140;230,13,13;14;99;108;111;147,,
P04075,202,yes,153;162;200;208;230;243;284;294,294,119;123;124;158;160;204;206;212;214;230;235;241;255;258;260;269;272;276;281;299;301;356;360;363,153;162;208;230;284;294,200,,,
P04075,240,yes,153;200;243,,158;204;206;235;241;272;276;354;356;360,153,200,,354,
P04075,339,yes,28;230;284;294;330;342,294;330,71;186;227;230;235;255;258;266;269;272;276;281;299;301;302;309;326;328;336;343;344;346;354,28;101;230;284;294;330;342,,,354,
P04080,3,yes,44,,7;9;45;51;53;72;83;96;97,44,,,7;9,
P04117,118,yes,10;22;32;38;59;80;82;97;101;106;108;113;121,,8;13;20;30;54;56;61;64;75;102;103;104,22;32;38;59;80;97;113;121,,,,
P04179,220,yes,122;221,,,,122,122,,
P04247,67,yes,43;46;57;63;64;78,,36;59;68;71;75;93,46;57;63;118,43,,,
P04406,247,yes,162;215;219;227;251;254;259;260;263,215;227;260;263,153;154;176;177;210;211;229;241;246;255;294;312;314,215;219;227;251;254;259;263,227,215;219;251;263,210,
P04843,477,yes,488;538,547,527;528;535;542,465;488;527;538,,538,,
P04919,215,yes,,,208;211;214;222;226;227;228;230,188,,,,
P05064,73,yes,99;147;322;330,,17;100;266;269;272;276;281;299;301;309;328;336;343;344;346;349,,99;322;330,,,
P05064,150,yes,108;111;147;153,,36;37;39;119;132;158;160;174;176;204;214;218;223;227;253;260;269;272;299;301;360;364,,,108;111,,
P05064,202,yes,153;200;294,,119;158;160;204;214;241;245;253;255;260;269;272;276;281;299;301;356;360;364,,294,,,
P05064,240,yes,153;200,,158;204;241;245;253;272;276;354;356;360,,,,354,
P05064,290,yes,200;294,,204;245;253;255;260;266;269;272;281;299;301;336;343;344,,294,,,
P05064,339,yes,294;330,,227;245;253;255;266;269;272;276;281;299;301;328;336;343;344;346;349;354,,294;330,,354,
P05090,185,yes,,,178;180,,,,,65
P05125,129,yes,,,127;128;147,,,,,
P05125,145,yes,,,127;128;147,,,,,
P05141,160,yes,33;43;147;163;166,43;147;155;166,42;69;81;139;165;167;242,33;43;147;163;166;245,43,33;147;163,,
P05166,90,yes,99;101,,45;172;176,99;101,,,45,
P05201,391,yes,378;396,,43;46;140;264;336;385;403;404,33;321;325;378,,321;325,,
P05202,212,yes,159;227;234;279;345,,67;133;135;166;186;192;231;284;353;356;409,,159;227;234;345,159;227;234,,
P05202,295,yes,107;122;150;234;235;296;302;309,,131;143;231;306,,107;122;150;234;235;296;309,122;234;296;309,,
P05202,382,yes,59;73;159;185;279;345;363;387;404;430,,67;186;353;356;360;399;401;403;409;414;415,363,59;73;159;185;345;363;387;404;430,73;159;363;404,,
P05413,125,yes,,,20;30;35;37;40;41;54;56;61;86;117;119,,,,,
P05690,185,yes,,,,,,,,
P05690,209,yes,,,,,,,,
P05690,1310,yes,,,1303;1308;1405;1468;1469;1502;1504,,,,,
P05690,1340,yes,,,1308;1468;1469,,,,,
P05690,1476,yes,,,1468;1469;1484,,,,,
P05690,1571,yes,,,,,,,,
P06125,56,yes,,,,,,,,
P06703,3,yes,,,,,,,,
P06732,254,yes,170;247;265,,108;128;129;164;166;224;337,,,,,
P06732,283,yes,,,47;52;59;71;81;82;94;100;108;140;141;199;285;327;337,,,,,
P06753,191,yes,184,179,180;189;192;202,,,,,
P06909,178,yes,,,,,,,,
P06909,320,yes,,,,,,,,
P07195,164,yes,156;229;233;308;310;318;319,158;172,162;168;173;238;240;248;249;302;303;320;323,233;308;310;319,156;318,,,
P07310,254,yes,116;170;172;242;259;265,,108;128;129;164;166;344;345,,242,,,
P07310,283,yes,32;101;196,,6;39;100;108;140;141;147;199;285;327;344;345,,,,,
P07339,329,yes,,,30;37;42;333;334;359,,,,,
P07355,133,yes,115;119;122;133;148;157;166;170;175;176;212;227;245;266;297;302,227,22;105;109;110;112;117;123;127;130;134;136;145;147;161;163;164;179;182;215;218;221;239;243;252;253;256;269;275;277;296,115;122;148;157;166;170;175;212;227;245;266;302,119;176;227,119;148;169;176,,
P07724,99,yes,44;88,,52;60;89;92,65;88;97,,,,
P07724,148,yes,,,60;150;203,205,210,,,
P07724,416,yes,421;460,,365;366;368;425;463,413,460,,,
P07724,472,yes,223;421;460,,216;244;246;315;359;365;366;368;425;463,413,210;212;223;460,,,
P07724,485,yes,223;229;490;499;558,,216;368;443;444;491;494;502;520;521,490;499,223;229;438,,,
P07724,500,yes,223;229;376;490;499,,366;368;443;444;491;494;502;520;521,376;490;499,223;229;438,,,
P07724,511,yes,223;229;376;499,,365;366;368;443;491;494;502;520;521,376;413;499,223;229;438,,,
P07724,538,yes,543;588,,425;535;551;590;593;594,549,543;588,588,,
P07724,591,yes,588,,535;590;593;594,549,588,588,,
P07759,260,yes,,,,,,,,
P07900,420,yes,314;327;362;410;419;431;435;436;443;446;457;458,345;443;464,298;309;313;317;330;391;425;434;438;442;453;460;476,327;362;419;443;446;458,314;436,458,,
P07919,53,yes,42,,58;59;61;63;68,,42,,,
P07951,36,yes,29;48,,,30;48,,,,
P07951,190,yes,,,179;188;201,,,,,
P07954,434,yes,223;256,,249;251;334;365,,221,223,,
P08032,963,yes,,,,,,,,
P08122,137,yes,,,,,,,,
P08133,552,yes,456;540;575;579;580;588;600,,464;484;490;493;494;503;506;549;583;596,540;588,,579,,
P08228,147,yes,4;10;123;137,,18;33;89;99;106;112;138;143,123;137,4;10;123;137,4;10;123;137,,
P08238,412,yes,306;319;354;402;411;423;427;428;433;435;438,435,290;301;305;309;322;365;373;383;417;426;430;434;445;446;452;468,306;319;354;411;428;433;435;438,428,354;411;435,365;434;452,
P08249,275,yes,165;203;215;269;281;296;297;301;307;324,,204;210;213;248;250;253;261;283;286;309;326,301,165;203;215;269;281;296;297;301;307;324,301;307,276,
P08559,41,yes,39;244;277;313,245,239;240;242;243;269;272;286;287;314,,244,244;313,,
P08559,261,yes,39;63;244;313;321,,65;242;243;269;272;286;287;312;314,321,244;321,244;313;321,,
P08590,76,yes,123;125,,73;88;106;113;127;165,,,,,
P08590,182,yes,142,,147;159;179;185,142,,,,
P08670,328,yes,334,,316;317;319;325;327;336;339,334,,334,327,
P09103,345,yes,273;278;285;328;330;340;354,,257;275;333,,273;328,,,
P09411,50,yes,6;11;41;48;86;91;156;191;192,,8;87;115;155;415,11;41;86;156;184;191;192,6;48;91;191,11;15;41;48;156;191;192,,
P09446,17,yes,,,37;146;150;363,,,,,
P09446,243,yes,,,,,,,,
P09446,307,yes,,,352,,,,,
P09446,575,yes,,,609,,,,,
P09493,190,yes,,,186;199;201,,,,,
P09541,74,yes,,,57,,,,,
P09542,85,yes,109,,49;136,50;52;75;79;107;109;132;134,,,,
P09972,135,yes,13;111;139;147;230,,17;36;125;132;174;176;223,111;147;227,,111,,
P0DM41,258,yes,,,199;233;234;235;236;240;241;301;304;305,,,,,
P0DM41,286,yes,,,167;170;298;324;325,,,,,
P0DMV9,17,yes,,,13;14;15;16;37;38;40;41;66;120;121;125;145;149;177;183;340;341;362;371,,,,,
P0DMV9,306,yes,348,,13;14;85;265;296;298;307;313;340;341,,,,,
P0DMV9,603,yes,,561,544;545;551;579;608;611,,,,,
P10126,234,yes,30;79;84;146;212,,23;24;82;83;85;86;141;175;222;224;226;227;239,30,,146;215;219,,
P10567,616,yes,,,,,,,,
P10649,174,yes,122;124;129;136;144;173,,139;206,,,122;124;129;134;136;144;173,,
P10768,11,yes,10;17;31;39,,7;8;65;67;70;72;262;263,31;39,,,,
P10809,237,yes,218;233;236;269;292;301;344;352;359,221,223;225;227;231;232;243,218;233;292;352;359,218;236;269;301,233;236;269;292;301;352;359,232,
P10986,218,yes,,,199;233;234;235;236;240;241;301;304;305,,,,,
P10986,286,yes,,,167;170;298;324;325,,,,,
P11141,44,yes,,,,,,,,
P11142,17,yes,56;71;126;128;137;159;361,,13;14;15;16;37;38;40;41;66;120;121;125;134;138;140;145;149;158;163;177;183;226;340;341;362;371;381,56;71;126;128;137;159;361,71,56;159,,
P11152,445,yes,,,,,,,,
P11177,263,yes,227;258;347;354,,278;282,,347;354,,282,
P11216,496,yes,811,,91;517;799;809,235;545;552;656;811,,,,
P11216,581,yes,,,562;574;603;614;752,642;740;754,,,,
P11216,808,yes,796;811,,484;517;527;799;809,483;520;521;796;811,,796,,
P11310,244,yes,69;283,,70;73;397;400,,,,,
P11531,1751,no,,,,,,,,
P12235,160,yes,43;147;163;166,147,24;42;81;139;167;242,43;245,147;245,,,
P12235,257,yes,33;43;268;272,272,42;46;139;242,33;43;245;272,245;272,,,
P12277,254,yes,107;242;247;265,,108;128;129;133;136;163;164;255;258;262;279;289;337,223;242;265,247,,,
P12883,400,yes,363;413,,378;384;386;392;410;412;422;424;609;612,,,,,
P12883,672,yes,129,,15;173;180;241;242;678;680,234,,,,
P12883,695,yes,,,180,,,,,
P12883,905,yes,1770,,1630;1760;1775,1771,,,,
P12883,947,yes,939;942;951,,937;948,,,,,
P12883,1249,yes,1859,,1251;1261;1851;1854,,,,,
P12883,1340,yes,,,1335;1347;1351,,,,,
P12883,1411,yes,,,1412;1413,,,,,
P12883,1748,yes,,,1735;1739;1760,,,,,
P13020,329,yes,366;392,,302;307;309;311;373;376;384,,,,,
P13533,1750,yes,,,1762,,,,,
P13535,908,yes,,,896;900,,,,,
P13541,38,yes,51;59;73,,69;1438,,,,,
P13541,793,yes,,,,,,,,
P13541,906,yes,,,1776;1777,,,,,
P13637,418,yes,466,,442;444;478;481;485;548;549;580,,,,,
P13639,67,yes,32;159,,23;33;34;36;38;54;57;59,159,61,,,
P13647,55,yes,,,50;60,,,,,
P13804,109,yes,69;75;101;139;158;164,,42;52;93;133;140;143;147;156;171;172;184;185;189;213,126;139,69;139,69;158,,
P13929,399,yes,,,37;157;177;229;236;373;376;379;395,159;202;377;394;403;406,,,,
P14152,137,yes,103;107;110;118;122;149;248;298;318;324,,89;111;114;135;139;141;146;188;189;190;192;332;333,125;142;149,107;110;298;318,103;107;110;118;298;318,,
P14152,154,yes,103;107;110;122;149;164;248;298;318;324,230,89;111;114;135;139;141;146;188;189;190;192;241;242;245,125;142;149,107;110;298;318,103;107;110;298;312;318,,
P14174,81,yes,78,12;74;87;89;94,8;14;21;75;76;77;91,78,,78,,
P14618,326,yes,67;115;240;251;266;270;271;290;301;305;310;311;322;340;367;379,278;319;467,45;50;67;77;111;114;243;269;276;287;296;323;328;333;346;362;365;390;444;466,67;115;240;251;266;270;271;290;301;305;310;311;340;379,322,115;367,50,
P14618,358,yes,66;67;240;266;270;271;290;310;311;322;340;379,319;467,41;45;50;55;63;67;95;111;114;243;269;276;287;296;323;328;333;346;362;365;390;434;436;437;444;466,66;67;240;266;270;271;290;310;311;340;379,66;322,66,50,
P14685,206,yes,72;205;219,,207;208,205;219,72,,,
P15090,118,yes,101,,8;13;14;20;129,,,,,
P15259,23,yes,33;100;251,,14;15;92;96;103;118;132;133;135;137;142;152;189,100;106;251;253,,251,,
P15259,153,yes,100,,92;96;103;118;132;133;135;137;142;152;189,100;106,,,,
P16125,164,yes,,,168;238;240,233;308;310;319,,,,
P16615,447,yes,451;460;464;476;481;514,,184;186;353;357;358;362;383;385;441;443;446;473;495;557,460;464;514,,464;514,,
P16615,471,yes,451;460;464;476;481;502;514,,362;383;385;441;443;446;473;499,460;464;514,,464;514,,
P16615,498,yes,476;481;502;510;514,523,446;473;484;488;493;495;497;499;504;507;531;580,514;533,,510;514,,
P16858,245,yes,213;217;225;252;257;261,,151;152;174;175;208;209;227;239;244;274;290;291;292;310;312,,213;217;225;252;261,213;217;225;249;252;261,208,
P16858,282,yes,,,151;174;175;180;235;239;274;275;281;286;288;290;291;292;310;312;316;318;319,,,,,
P17174,46,yes,378,,264;326;333;336;381;391;394;395;400;403;404,33;325;378;396,,,,
P17426,830,yes,,,777;836,804;810;858;940;962,,,,
P17540,90,yes,,,69;73;170;175;181;233;313;316;319,,,,,
P17568,80,yes,,68,73;89,81;86,,,,
P17661,333,yes,339,,330;331;332;341;344,,,,,
P17742,62,yes,49;125;131;133;155,,5;11;21;48;51;52;73;77;93;99;110;116;147;159,49,,125;131;133,,
P18206,422,yes,316;366;426,409;512,260;263;378;380;383;434;484,476,,316;426,,
P18206,545,yes,326;496,,324;332;537;552;574;579;643;652,581,,,,
P18206,737,yes,731;802;815,,596;600;726;754;755;793;795;809;816;820;822,815,,,,
P18206,1053,yes,992;1020;1024,993,656;657;972;982;1058;1060;1061;1101;1113;1123,655,992;1020,1020;1024,,
P18242,327,yes,329;351;355,,331,,355,,,
P18948,192,yes,,,,,,,,
P18948,384,yes,,,,,,,,
P18948,468,yes,,,,,,,,
P18948,655,yes,,,653,,,,,
P18948,924,yes,,,,,,,,
P18948,1364,yes,,,,,,,,
P18948,1646,yes,,,1547,,,,,
P19096,274,yes,,,253;286,,,,,
P19324,155,yes,93;159,,138;140,,93,,120,
P19367,628,yes,,,,,,624,,
P19367,813,yes,763,,66;70;788;792;821,,,763,821,
P19404,225,yes,215,,193,,,,,
P19625,110,yes,,,,,,,,
P20073,413,yes,,,286;336;393;394;396;400;402;426;427;438;447;462,,,,,
P20674,96,yes,62;87;113,,76;105;140;141,62,,,,
P21399,392,yes,379,,383,386,,,,
P21550,357,yes,89;326;334,,41;44;131;362;370;379,92;406,334;335,,,
P21796,127,yes,12;96;119,163,6;7;70;83;98;101;102;137;162;165;167,161,,12,,
P21796,232,yes,12;20;28;197;201;224;236;252;274,,13;19;22;195;204;225;234;247;248;250;258;260,20;28;197;224;252;274,,12;20;224;236;252;274,,
P21810,321,yes,328,,,,,,,270
P21980,230,yes,202;205,,219;365;368;369,,,205,,
P22626,50,yes,17;22;46;59;94,38;46,29;32;33;36;40;41;48;68;70;71;73;85;102,17;22;34;46;47;59;92;108,,,48,
P22695,192,yes,66;159,,69;71;75;80;86;87;88;191;195;201;202;207,66;159;162;199,159,,,
P22907,114,yes,,,,,,,,
P23116,160,yes,68;183,,32;72;74,75,,68;196,,
P23249,7,yes,,,19,,,,,
P23284,202,yes,45;71;84;116;171;195;204,51;109,47;72;88;91;117;139;150,45;71;84;89;92;116;171;181;195;204,84;89,116,,
P24539,239,yes,233;238;244;248,,226;228;229;235,233;238,244,233,,
P24549,133,yes,91;210,,121;207;245;267;484;486,91;128;131;139,,91,,
P24668,146,yes,,,,,,,,
P24752,119,yes,66;83;87;124;131,,48;69;90;116;117;120;121;137;139,,,,,
P24752,196,yes,124;181;190;202;203,,195;214;279;285,181;190,181;202;268;273,190;268;273,,
P25444,222,yes,173;211;212,,133;250;252,,,211,,
P25705,244,yes,161;189;211;217;230;239;240;241;255;261;270;305;476,,166;168;191;219;220;225;236;243;246;255;264;311;363;476;477,161;211;230;255;261;305;476,230;239;305,161;261,225,
P26041,284,yes,60;253;254,,56;57;249;270;291;491;504,60;209,83,,,
P26231,767,yes,842,,779,845;860,,842,,
P26638,300,yes,266;323,,,,,,,
P27348,25,yes,3;9;11;27;49;122,,4;19;24;30;37;45;48;92;95;96;104;125,3;9;11;27;49;103;122,49,9,,
P27420,46,yes,,,,,,,,
P27604,280,yes,,,189,,,,,
P27612,12,yes,311,,50;318,311,,,,
P27798,101,yes,,,,,,,,
P28331,92,yes,84;98,,143,,,,,
P28352,207,yes,196;202,,53;60;127;128;134,,,,,
P29691,382,yes,,,23,,,,,
P29691,585,yes,,,576;579;581,,,,,
P29691,598,yes,,,576;579;581,,,,,
P29691,645,yes,,,576;581,,,,,
P29788,24,yes,,,,,,,,
P30044,100,yes,102,,97;101;168;171;182,97;102;142;146,,,,
P30048,229,yes,196;241;248;253,214,199;221;224;234;237;239;243;247,196;253,,241,,
P30086,133,yes,62;132;150,129,64;65;98;99;101;104;106;125;139;153,132,,150,,
P30086,168,yes,39;47;77;150,,6;9;13;42;44;51;52;54;64;65;75;81;104;106;109;120;125;153;167;169,47,77,47;150,,
P30405,203,yes,57;67;73;86;91;118;175;182;183,,90;119;121,73,67;86;91;175;182;183,67;86;118;175;183,,
P31001,332,yes,,,329;340;343,338,,,,
P31040,536,yes,287;517;538;541;547,512;547;585;594,259;514;518;530;543;626;628;629;634;641,287;541;547,538;541,517;538;541,,
P31040,654,yes,131;179;647,,124,131;179,182,179,,
P31930,154,yes,111;142;163;225;248,,107;124;125;129;131;132;155;159;212;217,99;102;111;142;163;225,99;102;111,111,,
P31930,410,yes,134;142,,124;125;129;131;132;416;419;420,134;138;142,138,138,,
P31930,445,yes,447,,381;386;448;450;473,447,,,,
P32119,172,yes,135;177;184;191;196,157,142;151;180;182;190;193;195,135,135;196,191,,
P32261,54,yes,,,117;123,,,,,129;188
P33121,108,yes,356,,103;111;122,356,,,,
P34255,432,yes,,,,,,,,
P34328,61,yes,,,,,,,,
P34334,101,yes,,,,,,,,
P34346,53,yes,,,14;16;105,,,,,
P34455,382,yes,,,,,,,,
P34563,77,yes,,,50,,,,,
P34690,314,yes,,,355,,,,,
P35441,318,yes,,,,,,,,
P35579,740,yes,731;737;760,711,721;725;728;751;754;759,760,,737;760,759,
P35609,48,yes,,,43;45;50;57;106,42,,,,
P35609,161,yes,181,,43;147;151;152;178;179;200;201,,,,,
P35609,187,yes,181,,43;178;179;200;201,,,,,
P35609,339,yes,,,291;300;326;347;350;363;681;688;734,338,,,,
P35609,487,yes,499,,411;412;415;418;449;495;497,,,,,
P35609,862,yes,,,355;840;844;861;892,,,,,
P35754,8,yes,9;20,,,20,,20,65,
P36542,103,yes,43;55;112;154;197,,45;47;97;98;108;109;241;245;246;247;248;251;265,49;55;112;136;197;262,49;154;197,112;154,,
P36552,308,yes,303;344;393,,333,393,393,393,,
P37806,493,yes,,,496;497,,,,,
P38646,487,yes,485;498,,128;196;200;267;271;462;463;466;473;504;521,,467,,,
P38646,608,yes,595;600;610;612;617;646;653,653,594;616;638;639;644;652;657,646,600;612;617;646;653,600;612;617,,
P39876,155,yes,,,,,,,,
P40925,137,yes,14;103;107;110;118;121;136;142;149;248;298;316,110,89;111;119;135;139;141;143;146;153;188;189;190;192;296;316;321;326;332;333,103;118;125;136;143;298;316;318;324,103;107;110;298;318,110,,
P40925,154,yes,14;29;103;107;110;121;136;142;149;248;298;312;316,110;230,23;89;111;135;139;141;143;146;153;188;189;190;192;241;242;245;277;278;296;316;321;326,29;103;125;136;143;164;232;298;316;318;324,103;107;110;298;318,110,,
P40926,212,yes,185;203;215;307;314,257,170;171;204;213;261;276;289;290;309;310,185;307;314,203,185;203;307;314,276,
P40926,285,yes,156;165;203;279;301;307;314;324;328;329;335,,161;170;171;204;276;280;283;286;287;289;290;310;317;326,301;307;314;335,203;324;329;335,203;301;307;314;324;328;329;335,276,
P40939,322,yes,129;303;309;326,,171;185;283;298;310;316;320;324;333,129;303,303,303;326,120,
P40939,349,yes,60;337;350;351;353;383;505;519;531;540,,59;63;499;501;513;514;521;522;524,353,60;350;505;519;531;540,60;337;350;383;505;519;531,501,
P40939,470,yes,359;362;383;390;460;516;519;531,,474;476;482;488;499;513;514;521;522;524,359,359;390;519;531,359;383;386;519;531,,
P40939,747,yes,540;605;728;735;742;759;760,,724;745;756,728,540,605;728;742,,
P41216,109,yes,357,,,114;428,,357,,
P41216,626,yes,629;633,,621;688;696,,,,,
P41932,96,yes,,,47;65,,,,,
P41988,239,yes,,,,,,,,
P42765,179,yes,181;234;240;241,,182;333;339;341,181,181;234;241,181;234;241,,
P42932,347,yes,224;318;326;367,,216;233;317,,235;326,318;326,,
P43508,322,yes,,,,,,,,
P46471,225,yes,222,,426,,,,,
P46471,236,yes,222,,,,,,,
P46561,119,yes,,,,,,,,
P46561,292,yes,,,149;239,,,,,
P46563,153,yes,,,40;41;43;365;366,,,,,
P46769,107,yes,,,,,,,,
P46769,163,yes,,,2;82,,,,,
P47208,410,yes,,,,,,,,
P47738,388,yes,370;371;377;385;409;428,,347;358,,371;409;428,370;371;377;385,358,
P47857,709,yes,,,677;704;724,678;682;692,,678;682,,
P47857,860,no_CA,,,,,,,,
P47934,449,yes,609,,,,,,,
P47962,62,yes,27;85;158;255,,30;66;176,164,158,,,
P47962,76,yes,85;158;255,,66,164,158,,,
P48047,141,yes,158;162;172;176;192,,153;155;163;166;177;180;193;197;200,158;162;172;176;192,158;162,172;176;192,,
P48150,86,yes,,,17,,,,,
P48150,140,yes,,,,,,,,
P48152,121,yes,,,,,,,,
P48154,109,yes,,,102;104;209,,,,,
P48154,199,yes,,,203;209,,,,,
P48158,28,yes,,,32;41;43;138,,,,,
P48158,63,yes,,,32;41;43,,,,,
P48681,493,yes,,,487;491;1225,,,,,
P48735,113,yes,54;67;69;80;81;103;106;114;133;442,,92;97;100;104;107;108;115;117;134;138;146;341;350;352;364;365;366;371;376,80;106;114;442,,69;106;133,,
P48735,154,yes,155;166;242;400;413;442,,300;301;365;366;371;376;440;443,155;166;413;442,413,155;166;413,,
P48735,418,yes,155;166;413;426,,301;364;365;366;371;423,155;166;413,413,155;166;413,,
P48758,226,yes,28;123,,139;140;143;160;241;243;253,,,123,,
P48962,57,yes,23;33;43;52;63;147;272,,24;42;46;69;276,147,43;63;147;272,23;33,,
P48962,129,yes,92;94;96;163;166,,81;84;126;127;167;242,,166,92;96,,
P48962,160,yes,43;147;163;166;245,,24;42;69;81;149;150;167;242,147,43;147;166;245,,,
P48962,257,yes,33;43;245;260;263;272,,42;46;242,,43;245;263;272,33,,
P49041,72,yes,,,,,,,,
P49196,47,yes,,,96,,,,,
P49196,77,yes,,,135,,,,,
P49196,114,yes,,,96,,,,,
P49197,57,yes,,,66,,,,,
P49368,173,yes,203;370,,147;149;158;159;161;162;169;170;385,,,203,,
P49615,94,yes,,,,128;141;254,,,,
P49722,137,yes,92;171,,76;77;98,70;92,171,92,,
P49753,183,yes,,,66;99;114;118,171,,,,
P50140,106,yes,,,,,,,,
P50140,417,yes,,,154;155,,,,,
P50395,414,yes,224;418;435,,20;24;39;93;94;105;194;197;203;205;212;213;215;224;226;285;330;333;394;401;403;404;407;408;412;413;425;427,224;418;435,,,,
P50431,329,yes,414,,471,,,380,,
P50432,230,yes,,,176;181;187;189;190,,,,,
P50461,25,yes,,,,,,,,
P50461,58,yes,69,,81;82;84,,,,,
P50461,79,yes,69,,73;81;82;84,,,,,
P50461,120,yes,,,126;128;153;156;167,,,,,
P50461,168,yes,,,153;156;167;172,,,,,
P50462,25,yes,32,,,15;42,,,,
P50880,157,yes,,,,,,,,
P50991,410,yes,79;109;384,,71;76;158;170;177;179;180;181;184;187;199;201;202;385;387,79;92;96;109;179;183;202;209;384,209,,,
P50995,226,yes,215;222;243;248;255,,231;241;259;272;460;462;464;490;493,248;252;255;264;271,,248;252;255,,
P50995,384,yes,378;408,,301;303;321;340;342;365;374;377;398;415,352;364;382,,,,
P50995,501,yes,222;479,,231;272;301;460;462;464;471;473;480;482;486;489;490;493,264;271;479,,,,
P51174,166,yes,92;95;151;156;165;240,,,,92;95;156;165;240,95,,
P51174,351,yes,338;358;419,,54;362;364,,,,,
P51403,139,yes,,,,,,,,
P51403,178,yes,,,243;244;245;246,,,,,
P51403,184,yes,,,243;244;245;246,,,,,
P51403,218,yes,,,243;244;245;246,,,,,
P51830,104,yes,,,55;736,723,,,,
P51881,129,yes,92;94;96;163;166,,81;84;95;242,,166,92;96;163;166,,
P51881,257,yes,33;43;245;268;272,,42;46;242;247,,43;245;268;272,33,,
P52015,40,yes,,,80;84;86,,,,,
P52015,122,yes,,,161,,,,,
P52179,798,yes,,,753;754;794;797,,,,,
P52275,12,yes,,,18;75,,,,,
P52480,326,yes,266;270;305;311;322,,50;67;77;114;243;328;333;346;362;365;390;466,115;178;241;246;251;266;270;290;305;319;324;329;333;368,311;322,,,
P52503,79,yes,90;97;112,,,,97;100,,,
P52819,27,yes,,,70;73;81,,,,,
P52821,95,yes,,,65;67,,,,,
P53013,326,yes,,,254;261;269;286;287;324;418;440,,,,,284
P53026,66,yes,62;91;92;106;118;130,,52;113;115;136,,91;106;130,91;92;106;130,,
P54071,113,yes,67;69;80;106;133;442,,134;364;365,,67;80;106;133;442,106,,
P54071,154,yes,155;166;400;413;442,,300;301;365;405,,155;166;400;413;442,155;166,,
P54071,402,yes,67;69;155;166;400;413;442;451,,364;365;405,,67;155;166;400;413;442,155;166,,
P54071,418,yes,155;166;413;426,,301;364;365;405;423,,155;166;413;426,155;166,,
P54216,312,yes,,,36;37;39;274;278,,,,,
P54310,163,yes,,,126;127;650;651;694,,,,,
P54823,361,yes,353,,,,,,,
P55084,458,yes,166;348;416,,248;302;304;308;309;312;316;342;344;356;357;359;423;425,,,,,
P55155,1312,yes,,,1470;1471,,,,,
P55155,1613,yes,,,,,,,,
P55292,899,yes,,,865;869;874,,,,,
P55809,235,yes,225,146,,,,,,
P55809,465,yes,406;455;463;480;481;482,,156;157;159;161;163;457;461;502,,451;463,455;463;481,,
P55809,504,yes,406;446;455;463;473;480;481;482;500,,457;461;501;502;509,,446;451;463;473,446;455;463;473;481,,
P56134,7,yes,,,3,14,,,,
P56381,19,yes,21;28;32;37,,11;12;15;16;29,21;28,28;32,21,,
P56391,30,yes,28;42;62;85,,52;71,13;85,13;85,,,
P58771,190,yes,,,186;199;201,189;198,,,,
P60174,42,yes,14;43;51;96;122;212;231;238,51;172;231,16;21;28;35;36;41;58;65;80;83;85;113;117;127;210;212;213;214;215;232;235;241;242;246,43;51;96;212,,231,,
P60174,67,yes,14;43;51;96;106;112;122;156;231,51;106;112;231,16;41;65;71;75;80;83;85;105;108;113;117;127;210;232,43;51;96;106;112;156,,231,,
P60174,127,yes,14;43;96;106;112;122;156;168;179;186;188;193;194;212;225;231,106;112;172;194;231,16;41;65;80;105;108;113;117;127;134;143;195;196;202;204;210;212;213;214;232;235;241,43;96;106;112;156;175;179;197;212;225,186;193,231,,
P60174,218,yes,43;168;179;186;212;225;231;238,172;231,28;35;36;41;127;210;212;213;214;215;223;232;235;241;242;246;249,43;175;179;212;225,186,231,,
P60709,17,yes,61;68;213,68;84,14;33;52;53;60;66;69;77;89;91;106;143;155;160;186;203;300;303;304,61;68;84;213,,61,160,
P60710,217,yes,191;213;315,,155;160;186;188;194;198;199;218;229;232;233;234;235;239;240;249;265;300;303;304;306,,213,,239,
P61866,17,yes,,,38;76;79,,,,,
P62242,174,yes,37;98;170;193,,83;159;160,37;193,,,,
P62717,64,yes,11;52;70;128,,4;6;10;24;57;58;63,11;70,,11,,
P62754,12,yes,2;14;46;119,,6;53;125;127;128,,46;116,,,
P62784,74,yes,,,,,,,,
P62879,25,yes,,,28;29;31;34,23,,,,
P62879,148,yes,78;209,,59;74;125;136;145;207;216;329;331;334,57;209,,,,
P62937,52,yes,16;22;44;49;58;65;71;76;82;131;155,49,21;32;40;41;48;51;68;73;77;99;110;147;152;153;157,16;22;44;49;58;65;71;76;82;131,82;131,44;49;76;155,21,108
P62937,115,yes,22;28;58;65;71;91;118;125;131;133;155,91;125,5;21;32;40;48;51;73;93;99;110;147;152;153;157,22;28;58;65;71;118;125;131;133,131,125;155,21,108
P62937,161,yes,16;22;31;44;49;65;71;76;131;133;155,49,5;21;32;40;41;48;51;68;77;79;99;110;157,16;22;31;44;49;65;71;76;131;133,131,44;49;76;155,21,
P63104,25,yes,3;9;11;27;49,3;49,19;28;30;37;45;48;99;114;125,3;9;11;49;122,,3;9;49,,
P63220,56,yes,27;51;74,51;71,12;52;53;65;68,27;51;74,,,,
P68032,219,yes,193;215,,157;162;188;190;196;200;201;220;231;234;235;236;237;241;242;251;267;302;305;306;308,193;215;317,,,,
P68032,259,yes,193;215,,157;162;188;190;196;200;201;204;205;220;231;234;235;236;237;241;242;251;267;273;302;305;306;308,193;215;317,,,,
P68032,287,yes,328;330,,150;151;162;168;171;281;296;320;325;326,328;330,,293,,
P68032,376,yes,115,,105;108;145;150;151;168;171;364;370,115,,,,
P68033,219,yes,193;215;317,,157;188;190;196;200;201;220;231;234;235;236;237;241;242;251;262;267;305,,,,201;241,
P68033,259,yes,193;215;317,,157;188;190;196;200;201;204;205;220;231;234;235;236;237;241;242;251;262;267;305,,,,201;241,
P68033,287,yes,328;330,,143;145;150;151;168;171;281;320;325;326,293,,,,
P68133,259,yes,193;215;217;317,,157;162;188;190;196;200;201;204;205;220;231;234;235;236;237;241;242;251;267;273;302;305;306;308,193;215;217;240;317;338,,,201;262;267;273,
P68133,287,yes,328;330,,145;150;151;162;168;171;281;296;320;325;326,293;328;330,,,280,
P68371,12,yes,19;103,19,25;72;75;78;95;136;138;143;145;149;153;166;168;172;176;183;208;219;221;222;230;232;234;237,19;103;174,,,168;172,
P68372,12,yes,,103,72;75;78;95;136;138;143;145;149;166;168;172;208;219;221;234,,,,,
P68372,303,yes,379,,138;166;168;172;208;312;338;339;340;382,297;336;379,,,,
P68871,94,yes,83;96;145,,36;39;45;85;88;90;146,,,,85,
P68871,113,yes,9;18;62;66;121;133,,10;13;36;39;73;124;131,,,,73,
P69905,105,yes,12;17;41;57;61;62;100,,25;36;39;40;42;43;50;53;68;103;109;119;125;132;134;135;138,,,,36;134,
P70266,432,yes,,,178,,,,,
P70296,13,yes,150,,6;109;115;125;153,77,,,,
P70404,81,yes,,,343,,,,,
P80316,407,yes,154;223,,51;168;171;172;175,154;170;210;514,399,170;223,,
P84104,72,yes,,,24;32;70,23,,,,
P91303,104,yes,,,,,,,,
P97333,54,yes,,,,,,,,
P97384,382,yes,376,,413,,,,,
P97443,125,yes,,,2;5;13;14;119,,,,,
P97447,126,yes,118;144,,98;140,,,,,
P98156,246,yes,,,,,,,,
P98192,53,yes,,,,,,,,
P99028,51,yes,40,,56;57;59;61;66,,,40,,
P99028,65,yes,40,,56;57;59;61;66,,,40,,
P99029,152,yes,53;70;71;79;155,,44;45;164;178,70;71,70;71;79;155,53;70,,
P99029,200,yes,53;82;98;112,,93;97;178;201,,98;112,53;112,,
Q01063,319,yes,,,312;313;314;316;318,,,,,
Q01339,264,yes,,,,,,,,
Q01341,418,yes,,,588,411;1098,,594,,
Q02338,63,yes,,,116;246;248;292;293;295;296;303;307,,,,,
Q02566,37,yes,43,,28;53;70,,,,,
Q02566,401,yes,,,379;385;387;411;413;605;610;627,,,,,
Q02566,674,yes,247,,173;177;180;243,,,,,
Q02566,697,yes,43,,177;180,,,,,
Q02566,907,yes,,,630;633;644;645;1632,,,,,
Q02566,949,yes,953,,950;962,,,,,
Q02566,1342,yes,,,1337;1338;1349,,,,,
Q02566,1413,yes,,,,,,,,
Q02566,1750,yes,,,1737;1762,,,,,
Q04447,283,yes,,,39;82;100;199;205;279;282;285;289,107;196,,,,
Q05036,383,yes,,,387,,,,,
Q05793,2170,no,,,,,,,,
Q05793,2268,no,,,,,,,,
Q05793,3464,no,,,,,,,,
Q05793,3671,no,,,,,,,,
Q06323,22,yes,13;24;35;232,,23;25;31;32;227,35,35,,,
Q07076,388,yes,430,,311;368;369;371,,,,,
Q07417,246,yes,226;250,,219;223,,,,,
Q07750,110,yes,,,115,,,,,
Q07968,136,yes,,,125,,,,,
Q09533,105,yes,,,,,,,,
Q09543,150,yes,,,,,,,,
Q09567,471,yes,,,,,,,,
Q09666,2806,no,,,,,,,,
Q10454,61,yes,,,52;127,,,,,
Q10454,179,yes,,,39;41,,,,,
Q10454,242,yes,,,,,,,,
Q10454,312,yes,,,52;127,,,,,
Q10454,341,yes,,,127;356;358;363,,,,,
Q13011,102,yes,65;95;161;267;321;327,,265;266;268,276;327,,,,
Q13423,1073,yes,1042;1070;1071;1079,,,,939;1070,1079,,
Q14204,2639,no,,,,,,,,
Q14315,1991,no,,,,,,,,
Q14315,2454,no,,,,,,,,
Q14315,2660,no,,,,,,,,
Q14896,566,yes,,,,,,,,
Q14896,623,yes,,,,,,,,
Q14896,651,yes,,,,,,,,
Q14C51,259,yes,328,,,,328,,,
Q15124,165,yes,,,4;13,,,,,
Q15435,104,yes,133,76,,90;101;133;168,,,,
Q16698,86,yes,49;73;92;97;110;133,,65;69;76;77;80;81;90;99;104;105;107,,,97;110,,
Q16698,116,yes,73;92;97;110;133,,65;69;76;77;90;99,,,97;110,,
Q16718,17,yes,27;30;55;57;60;66;67,,,,60,60,,
Q16798,223,yes,119,,137;138;545,,,,,
Q16836,211,yes,179;185;192;202;212,,193;196;201;226,,179;192;202;212,185,,
Q17761,126,yes,,,,,,,,
Q17763,162,yes,,,150,,,,,
Q17832,214,yes,,,,,,,,
Q18688,682,yes,,,,,,,,
Q19058,211,yes,,,,,,,,
Q19102,88,yes,,,15;19,,,,,
Q19162,79,yes,,,51;54,,,,,
Q19264,299,yes,,,,,,,,
Q19278,345,yes,,,,,,,,
Q19626,94,yes,,,84;85,,,,,
Q19749,150,yes,,,,,,,,
Q19877,8,yes,,,,,,,,
Q19980,44,yes,,,,,,,,
Q1XH17,456,yes,,,,398;462,,,,
Q20206,110,yes,,,111,,,,,
Q20206,128,yes,,,111,,,,,
Q20363,5,yes,,,7,,,,,
Q21215,188,yes,,,,,,,,
Q21276,390,yes,,,316;320;322,,,,,
Q21824,170,yes,,,,,,,,
Q21962,192,yes,,,,,,,,
Q23621,313,yes,,,311,,,,,
Q27245,443,yes,,,,,,,,
Q27389,136,yes,,,106,,,,,
Q27535,275,yes,,,329,,,,,
Q2TPA8,218,yes,24;49;255;466,,,,49,,,
Q3THK7,523,yes,,,313;331;332,,,,,
Q3TLP5,13,yes,,,,,,,,
Q3TQB2,332,yes,,,,,,,,
Q3TZZ7,734,yes,,,690;748;771,,,,,
Q3U0S6,432,yes,,,417;420,,,,,
Q3U186,3,yes,111,,,,,,,
Q3UHD6,191,yes,,,267,218,,,,
Q3UHZ5,89,yes,,,,,,,,
Q3URS9,311,yes,,,,,,,,
Q3UV70,33,yes,,,,,,,,
Q4G0N4,58,yes,431,,210,,,,,
Q4U4S6,614,no,,,,,,,,
Q4U4S6,3334,no,,,,,,,,
Q58A65,1155,yes,,,1238,,,,,
Q5BKX8,288,yes,,,,,,,,
Q5JXI2,87,yes,,,,59;81;91;102;106;107;122;124,,,,
Q5PRF0,586,yes,,,551,,,,,
Q5SXM2,687,yes,,,,,,,,
Q60597,904,yes,899;943;947;961;970,,870;934;966,,943;970,,,
Q60675,449,no,,,,,,,,
Q60675,734,no,,,,,,,,
Q61107,417,yes,,,410,,,,,
Q61129,78,yes,,,93,,,,,116
Q61147,713,yes,,,,,,,,
Q61171,172,yes,184,,142;190;193;195,177,,,,
Q61233,346,yes,294,,124;276;290;299;300;323,,,,,
Q61234,412,yes,,,,,,,,
Q61543,563,yes,,,,,,,,
Q61554,1849,no,,,,,,,,
Q61655,324,yes,343,,467,,,,,
Q62059,270,no,,,,,,,,
Q62234,778,yes,,,777;783;786;787;802,,,,,
Q62261,1284,yes,,,,1335;1360,,,,
Q62407,3044,no,,,,,,,,
Q63844,83,yes,,,54;205;208,,,,,
Q64105,235,yes,52;227,,228,,52,52;227,,
Q64449,67,yes,,,,,,,,
Q64727,325,yes,276;316;326;352;366,,272;275;324;332;357;364,281;308;366,276,316,,
Q65XX1,492,yes,,,113;115;122,,,,,
Q69ZR2,2260,yes,2273,,1795,,,,,
Q6P8J7,90,yes,,,69;233;313;316;319,59;75,,,,
Q6P8J7,180,yes,209;230,,211;233;313;316;319,209,,,,
Q6P8J7,238,yes,230,,233;316;319,59,,,,
Q6P8J7,317,yes,140;230,,143;233;313;316;319;323,140,,,,
Q6P8X1,149,yes,,,298,297;366,,,,
Q6YN16,218,yes,49;284,29,103;106;277;287;288,49,,,,
Q6ZPJ3,336,yes,,,,706,,,,
Q6ZQ38,237,yes,255,,139,255,,,,
Q702N8,1215,yes,,,,,,,,
Q71LX4,723,yes,,,624;643;647;728;733,,,,,
Q71RI9,432,yes,188;289;404,,77;438;439,436,,281,,
Q76MZ3,377,yes,,,,,,,,
Q7TMF3,92,yes,47;53,,,,53,,,
Q7TNS2,13,yes,,,2;4,,,,,
Q7TSV4,58,yes,,,182,,,,,
Q7Z072,228,yes,,,,,,,,
Q80TV8,173,yes,,,285;625,,,,,
Q80U72,1594,yes,,,,,,,,
Q80UM3,238,yes,262;266,,,,,,,
Q80WP8,470,yes,,,,,,,,
Q80XL6,106,yes,17;78;81;87;90;101,,52;55,17;60,87;90,,,
Q80YV4,787,yes,,,779;789,,,,,
Q811U4,167,yes,,,6,,,,,
Q8BFY9,790,yes,,,,,,,,
Q8BGC4,218,yes,214,,,,,,,
Q8BGH2,237,yes,,,243;250,,,,,
Q8BGI7,263,yes,,,,,,,,
Q8BHC4,135,yes,,,183;185,,,166,,
Q8BHF7,477,yes,,,,,,,,
Q8BIJ6,91,yes,856,,81,,,,,
Q8BIJ6,883,yes,803,,974,,803,,,
Q8BKC5,1057,yes,,,,,,,,
Q8BKY8,55,yes,,,53,,,,,
Q8BMF3,19,yes,,,21,,,,,
Q8BMF4,33,yes,461,,35,,461,,,
Q8BMF4,45,yes,,,,,,,,
Q8BMF4,163,yes,,,97;99;106,,,,,
Q8BML9,687,yes,,,,,,,,
Q8BMS1,349,yes,60;337;350;351;353;505;519;540,,,60,60;350;351;353;383;505;519;540,60;350;505;519,,
Q8BMS1,470,yes,386;390;436;440;457;460;493;516;519,,,455,390;436;440;460;489;516;519,519,,
Q8BMS1,550,yes,540;728,,556;575;576;586;615;675;724;745,,540;728,728,,
Q8BMS4,156,yes,150;197;284,,279,,197,,,
Q8BT60,249,yes,167;253,,240;243;247,158;184;192;262,,253;262,,
Q8BTI9,110,yes,,,,,,,,
Q8BWT1,179,yes,171;191;234;240;241;332;340,,175;237;244;246;251;329;339;341;344,171,171;191;234;240;332;340,171;234;241,,
Q8BWT1,287,yes,158;171;305;306;332,,329,171,158;171;305;306;332,171,,
Q8BYM8,511,yes,,,530;533;534,,,,,
Q8C129,305,yes,,,,,,,,
Q8C1A5,427,yes,220;421,,89;366;373;380;382;398,,,,,
Q8CEE7,201,yes,,,211;241,,,,,
Q8CG76,222,yes,,,231,,,,,
Q8CGC7,336,yes,282;300,,315;355;377,360,,282;300,,
Q8CGY6,207,yes,,,,,,,,
Q8CGY6,368,yes,,,,,,,,
Q8CGY6,786,yes,,,,,,,,
Q8CGY8,44,yes,,,20,90,,,,
Q8CHT0,347,yes,317;346;394;401;444;508;530,,,530,346;394;444;508,401,,
Q8CIZ8,9,no,,,,,,,,
Q8CIZ8,2676,no,,,,,,,,
Q8JZQ2,625,yes,610,,,,617,,,
Q8K0E8,85,yes,,,,,,,,
Q8K0E8,213,yes,,,,,,,,
Q8K0E8,260,yes,303,,,,303,,,
Q8K0Z7,157,yes,127;162,,,,,,,
Q8K1N1,33,yes,,,,,,,,
Q8K2B3,89,yes,92;250;480,,96;98;100;252,,250;480,480,,
Q8K2B3,266,yes,361;517,,98;100;365;508;509,,,517,,
Q8K2B3,357,yes,335;361,,365,335,335,,,
Q8K2B3,536,yes,517;538;547;633;636,,530;629;638;641,,538;547;633;636,517,,
Q8K2B3,654,yes,128;179;182;647,,,,179,179,,
Q8K2Y7,89,yes,146,,,,,,,
Q8K370,197,yes,230,,,,,,,
Q8K411,850,yes,848;1006;1036,,,,848;1036,,,
Q8K4F5,30,yes,,,,,,,,
Q8MXH7,114,yes,,,,,,,,
Q8QZS1,44,yes,72;86;220;232,,233,,86;220,,,
Q8QZT1,116,yes,63;80;84;121,,66;87;117;118;152,,63;80,63;80;84;121,,
Q8QZT1,123,yes,63;121;178;187;332,,66;87;117;118;152;154;215;328,,63;178;187,63;121;178;187,,
Q8QZT1,193,yes,121;178;187;199;265;270,,204;211;328,,178;187;199;265;270,121;178;187;199;200;265;270,,
Q8R1Q8,247,yes,,,,,,,,
Q8R216,166,yes,,,,,,,,
Q8R3B1,96,yes,,,,,,,,
Q8R4N0,103,yes,39;55;56;59;64;80;81;90;102,,,,55;80;90,55,,
Q8VDD5,789,yes,,,1146;1151;1154;1155,,,,,
Q8VEM8,232,yes,132;229;242,,136;152;153;225,,229;242,132,,
Q8WQA8,35,yes,,,,,,,,
Q8WQA8,69,yes,,,,,,,,
Q8WZ42,4404,no,,,,,,,,
Q8WZ42,15004,no,,,,,,,,
Q8WZ42,16276,no,,,,,,,,
Q8WZ42,17831,no,,,,,,,,
Q8WZ42,19092,no,,,,,,,,
Q8WZ42,20418,no,,,,,,,,
Q8WZ42,23138,no,,,,,,,,
Q8WZ42,28174,no,,,,,,,,
Q8WZ42,33718,no,,,,,,,,
Q91UZ5,92,yes,,,284,,,,,
Q91V92,509,yes,536,,484;496;639;646;668;672,,,,,
Q91V92,623,yes,478,,479;484;615;639;646;668;672,,,,,
Q91VD9,64,yes,,,,,,,,
Q91VD9,75,yes,108,,,,,,,
Q91VD9,367,yes,539;543,,650,,,,,
Q91VD9,463,yes,450;467;470;499,,448;457;461,,450,,,
Q91VR2,103,yes,49;55;138;154;197,,108;255;265,,49;55;138;154,138;154,,
Q91WC3,142,yes,,,,,,,,
Q91WK1,8,yes,,,,,,,,
Q91YT0,286,yes,36,,34,,36,,,
Q91Z83,695,yes,,,177;180,,,,,
Q91Z83,947,yes,,,948;960,,,,,
Q91ZE0,80,yes,135,,,,,,,
Q91ZX7,944,no,,,,,,,,
Q91ZX7,2953,no,,,,,,,,
Q921G7,265,yes,439;488,,264,,,,,
Q921G7,386,yes,124;439,,81;264,,124,,,
Q921G7,560,yes,343;496,,550;552,,,,,
Q921I1,137,yes,134;225;310;315,,144;170;171;174;176;207,,310,,,
Q921I1,363,yes,,,340;474,,,,,
Q921I1,597,yes,554,,474;537,,,,,
Q921M3,547,yes,541,,577;578;584,,,,,
Q922B2,334,yes,,,189;190;191;192;323,,383,,,
Q924T2,13,yes,,,,,,,,
Q924X2,448,yes,,,449;533;534,,,,,
Q924X2,548,yes,,,,,,,,
Q924X2,586,yes,,,604,,,,,
Q924X2,608,yes,,,602;604,,,,,
Q93572,27,yes,,,,,,,,
Q93572,119,yes,,,,,,,,
Q93573,81,yes,,,,,,,,
Q93576,109,yes,,,89;94;120,,,,,
Q93576,117,yes,,,52;89;94;120,,,,,
Q93934,41,yes,,,94,,,,,
Q93934,319,yes,,,,,,,,
Q94300,79,yes,,,51;54,,,,,
Q95X44,83,yes,,,75,,,,,
Q95X44,151,yes,,,,,,,,
Q95XJ0,107,yes,,,,,,,,
Q95XJ0,298,yes,,,,,,,,
Q95Y04,22,yes,,,18;37,,,,,
Q95Y90,72,yes,,,,,,,,
Q95YF3,98,yes,,,,,,,,
Q966I8,70,yes,,,71,,,,,
Q96FJ2,24,yes,5;9;31;36,,14;26;32;41;50;53;88,5;9;31;36;43;44;48;49,,9,,
Q96GK7,215,yes,203,,134;192;213,203,,203,,
Q99798,126,yes,138;144;160;605,,102;151;156;472;543;544;562;669;670,35;105;111;138;144;212;217;605,,605,193,
Q99798,226,yes,50;700;736,,64;66;79;87;670;708,68;212;333;337;667;690;697;700;701;736,736,736,193,
Q99798,385,yes,,,102;242;243;310;390;432;470;471;472;477;543;544;669;670,245;250;276;309;432;488;667;668,,,193,
Q99798,592,yes,628;689;700,,477;646;665;669;670;708;715,487;488;667;668;684;689;690;697;700;701;717,,591,193,
Q99JR6,133,yes,95,,39;47;53,,,,,
Q99JW4,219,yes,,,,,,,,
Q99JY0,436,yes,278;333;335;417;448,,68;72;86;263,333,278;333;335;448,278;333,,
Q99KI0,126,yes,138;144;160;605,,386;389;417;543;562;669;670,,138;144;605,,,
Q99KI0,385,yes,245;250;309,,242;243;386;389;415;417;477;497;543;594;669;670,245;309,245;309,,,
Q99KI0,592,yes,591;628;689;700;701;717,,477;593;594;665;669;670;713,689;701,591;628;689;700,,,
Q99KV1,169,yes,,,,,,,,
Q99L43,99,yes,,,,,,,,
Q99L47,208,yes,152;185,,155;180;217,185,152,152,,
Q99LC5,53,yes,59;62;69;75;85;101;117;126;162;164;187,,58;93;99;133;171;172;178;179;182;184;185;190;191,,59;62;69;75;85;101;126;164;187,59;62;69,,
Q99N94,167,yes,,,,,,,,
Q99NB9,933,yes,,,,,,,,
Q99NB9,1250,yes,,,,,,,,
Q9BKU5,70,yes,,,,,,,,
Q9BKU5,100,yes,,,95;117,,,,,
Q9BKU5,141,yes,,,95;117,,,,,
Q9BL03,69,yes,,,,,,,,
Q9BL19,146,yes,,,,,,,,
Q9BL27,99,yes,,,,,,,,
Q9CPP6,17,yes,30;55;60;66,,89,,30;60,,,
Q9CPV4,182,yes,,,126;131;133;135;151,124;140,,,,
Q9CPV4,206,yes,209,,224;227;231,140,,,,
Q9CPX7,26,yes,,,,,,,,
Q9CQ54,40,yes,,,,,,,,
Q9CQ62,86,yes,49;73;97;106;110;133,,65;69;80;81;90;104;105,,49;60;73;97;106,106,,
Q9CQ62,116,yes,73;97;110;133,,65;69;90,,73;97,,,
Q9CQ75,58,yes,64;75,,76;78;83,,64;75,,,
Q9CQA3,70,yes,43;69;125;128,,62,,69;128,,,
Q9CQB5,99,yes,74,,106,,,74;81;105,,
Q9CQJ8,31,yes,,,,,,,,
Q9CQM9,148,yes,153,,,141;153;186,,,,
Q9CQQ7,239,yes,233;238;244;248,,226;228,,233;244,233,,
Q9CQT1,199,yes,259,,155,,,,,
Q9CR59,124,yes,,,,,,,,
Q9CR62,184,yes,256;268,,93;94;95;102,,,,,
Q9CXI0,244,yes,,,108;117;126;127,,,,,
Q9CXW4,72,yes,19;38;52;67;85,,29;34;44;47;51,52,52;85,38;52;67;85,,
Q9CY73,96,yes,120,,,,,,,
Q9CZ13,69,yes,111;134;138;142;248,,,138,111;138;248,138,,
Q9CZ13,268,yes,85;447,,420,,85;447,,,
Q9CZ13,380,yes,447,,473,,447,,,
Q9CZ13,410,yes,134;138;142,,420,138,138,138,,
Q9CZM2,27,yes,,,34;43;62;126;127,,,,,
Q9CZU6,101,yes,103;366,,97,366,103,,,
Q9D0J4,102,yes,,,47;134,71,,,,
Q9D0K2,504,yes,455;473;480,,407,,455,,,
Q9D0M3,139,yes,,,174,,,,,
Q9D0M3,219,yes,,,226,,,,,
Q9D0M5,24,yes,36,,14;88,36,36,9;36,,
Q9D1M0,31,yes,38;87,,,,87,,,
Q9D1Q6,189,yes,,,141,,,,,
Q9D2G2,37,yes,,,,,,,,
Q9D2N4,48,yes,,,,7,,,,
Q9D5V5,188,yes,,,146,,,,,
Q9D6R2,127,yes,96;326;336,,193,,336,,,
Q9D7B6,215,yes,211;220;269,,,,211;269,,,
Q9D8B4,95,yes,,,,,,,,
Q9D8W5,31,yes,,,20;23,,,33,,
Q9DB20,141,yes,158;162;172;176;192,,126;129;130;133;147;155;166,192,158;162;172;176;192,162,,
Q9DB77,192,yes,66;159;162;199,,74;80;169;171;202;207,,66;159;199,,,
Q9DBC7,18,yes,,,9;14,,,,,
Q9DBJ1,55,yes,5;39;176,,4;189,,5,,,
Q9DC69,86,yes,113,,68,,,,,
Q9DCH4,260,yes,,,259;262;270;271,,,,,
Q9DCL9,295,yes,,,275;309,,,286,,
Q9DCT1,191,yes,,,,164;193,,,,
Q9DCW4,42,yes,35;59;110;124;202;204;205,,65;69;74;77;134;138;148;151,,35;59;110;205,110,,
Q9DCX2,101,yes,95;99,,15;100;106,,95;99,95,,
Q9EQ20,413,yes,330;364;376,,489;490,,364;376,287;330;364;376;408,,
Q9EQI8,50,yes,212;265,,238,,,,,
Q9ERG2,620,yes,,,,,,,,
Q9ERI6,214,yes,,,,,,,,
Q9ERK4,61,yes,,,112,,,,,
Q9GP94,80,yes,,,,,,,,
Q9GZH3,349,yes,,,,,,,,
Q9H2U2,44,yes,95;105;110;111;118;122;320,,37;45;48;110;313;315;316;317;322,122;320,105;111;122,105;111,,
Q9H9P8,272,yes,226,,346,,,,,
Q9HAV7,28,yes,,,23,,,,,
Q9JHK4,384,yes,,,387;400;404;421,,,,,
Q9JI91,48,yes,,,45;50;57,38;42;54;102,,,,
Q9JI91,187,yes,,,178;179;200;201,239,,,,
Q9JI91,339,yes,,,291;347;350;363;369;664;681,338,,,,
Q9JI91,781,yes,,,761,,,,,
Q9JIF0,167,yes,233,,303;307;309;310,233;342,,,,
Q9JIF7,623,yes,,,,,,,,
Q9JK23,69,yes,,,,194,,261,,
Q9JLT4,446,no,,,,,,,,
Q9N358,35,yes,,,,,,,,
Q9N358,244,yes,,,,,,,,
Q9N3D9,37,yes,,,,,,,,
Q9N3X2,78,yes,,,,,,,,
Q9N3X2,123,yes,,,164;165;222;236,,,,,
Q9N4I4,65,yes,,,51,,,,,
Q9N4J2,206,yes,,,156,,,,,
Q9N4J2,364,yes,,,,,,,,
Q9N4J2,626,yes,,,,,,,,
Q9N4J2,1330,yes,,,1451;1466;1467;1482,,,,,
Q9N4J2,1474,yes,,,1466;1467;1482,,,,,
Q9N4J2,1560,yes,,,,,,,,
Q9N4J2,1600,yes,,,,,,,,
Q9N5V3,386,yes,,,,,,,,
Q9NAA7,44,yes,,,,,,,,
Q9NEN6,100,yes,,,33;107;110,,,,,
Q9NF11,86,yes,,,,,,,,
Q9NX63,183,yes,189;203;219,,177;179;194;201,189,,203,,
Q9NZ09,45,yes,,,41;128,,,,,
Q9NZ45,72,yes,51;55;68;79;89;104,,71;77;88,55;68;78;79;89;104;105,55;68,68,,
Q9NZ45,83,yes,51;55;68;79;89;104,,71;77;88,55;68;78;79;89;104;105,55;68,68,,
Q9QVP4,164,yes,,,,,,,,
Q9QWR8,49,yes,,,,,,,,
Q9QXA5,59,yes,,,,,,,,
Q9QXS1,2960,no,,,,,,,,
Q9QXS1,3112,no,,,,,,,,
Q9QXS1,3117,no,,,,,,,,
Q9QXZ0,2062,no,,,,,,,,
Q9QYR9,55,yes,,,54;77,,,,,
Q9QZQ1,642,yes,,,401;644;647;648;655;657,,,,,
Q9R0Y5,187,yes,27;31;194,,19;32;34;35;38;87;181;184;188;192,21;31;116;171,,,,
Q9TXP0,77,yes,,,31;78,,,,,
Q9TXU7,51,yes,,,,,,,,
Q9TZS5,29,yes,,,,,,,,
Q9U2Q8,25,yes,,,45,,,,,
Q9U302,242,yes,,,267;275,,,,,
Q9U302,383,yes,,,327;388,,,,,
Q9UAV5,331,yes,,,143,,,,,
Q9UBQ7,57,yes,8;43;65;94;327,,36;296;298;304;306,,,,,
Q9UH65,40,yes,,,3;17,,,33,,
Q9UKU7,217,yes,154;177;178;213;222,,216;261,177;178,,213,,
Q9WTI7,161,yes,404,,,404;618,,,,
Q9WTX6,149,yes,,,,,,,,
Q9WUB3,373,yes,,,325;344;405;430;461;473;821,364;483,,,,
Q9WUB3,496,yes,,507,15;514;809;813,10;656;811,,,,
Q9XTT9,373,yes,,,,,,,,
Q9XTV4,6,yes,,,,,,,,
Q9XVF7,90,yes,,,133,,,,,
Q9XVF7,114,yes,,,133,,,,,
Q9XW17,78,yes,,,28;35;62;64;80,,,,,
Q9XW17,241,yes,,,233;234;240;243,,,,,
Q9XW92,521,yes,,,458,,,,,
Q9XWS4,87,yes,,,21,,,,,
Q9XWS4,94,yes,,,21,,,,,
Q9XXK1,229,yes,,,204;210,,,,,
Q9Y277,65,yes,34;61;62;63;64;90;91;96;115;119,,33;35;37;42;62;67;70;72;86;98;117,32;34;61;62;63;64;83;90;91;115;116,,63,,
Q9Y277,229,yes,20;197;201;224,,247;248;250;258;260,20;21;197;198;234,,20,,
Q9Y281,80,yes,44;114;121;125,,3;6;41;82;85;108;113;117;119;120,112;114;144,,44,,
Q9Y3D6,41,yes,,,10;45;47;76;82;93,16;19;20;25;53;64;89,,,,
Q9Z1P6,55,yes,48,,53,,,,,
