binned_combo,count
35.0;50.0;85.0,251
35.0;60.0;95.0,248
45.0;60.0;105.0,242
15.0;75.0;85.0,240
50.0;60.0;105.0,238
45.0;55.0;100.0,237
35.0;45.0;75.0,236
35.0;50.0;80.0,234
45.0;50.0;90.0,233
15.0;80.0;90.0,232
35.0;75.0;105.0,231
35.0;55.0;85.0,231
15.0;65.0;75.0,230
45.0;55.0;95.0,228
20.0;85.0;105.0,227
35.0;75.0;110.0,226
35.0;70.0;105.0,224
35.0;70.0;100.0,224
35.0;60.0;90.0,224
40.0;50.0;90.0,222
20.0;80.0;95.0,222
20.0;65.0;85.0,222
20.0;70.0;85.0,222
30.0;60.0;90.0,222
20.0;60.0;75.0,221
30.0;55.0;80.0,221
15.0;70.0;85.0,220
60.0;70.0;125.0,220
15.0;50.0;65.0,220
35.0;65.0;95.0,219
35.0;65.0;100.0,218
40.0;80.0;115.0,217
35.0;80.0;110.0,217
35.0;45.0;80.0,216
20.0;95.0;110.0,216
55.0;60.0;115.0,216
30.0;35.0;60.0,214
35.0;85.0;115.0,214
55.0;70.0;120.0,214
15.0;70.0;80.0,213
50.0;60.0;110.0,212
35.0;40.0;70.0,212
15.0;85.0;95.0,212
40.0;70.0;110.0,212
35.0;85.0;120.0,211
50.0;70.0;120.0,211
40.0;50.0;85.0,211
35.0;55.0;90.0,211
30.0;50.0;80.0,209
35.0;90.0;125.0,209
30.0;55.0;85.0,208
50.0;80.0;130.0,208
45.0;50.0;95.0,207
40.0;70.0;105.0,207
20.0;55.0;70.0,207
50.0;85.0;135.0,207
40.0;55.0;90.0,207
50.0;65.0;115.0,206
15.0;75.0;90.0,206
40.0;45.0;80.0,206
15.0;55.0;65.0,205
65.0;70.0;130.0,205
45.0;70.0;115.0,205
50.0;75.0;120.0,204
50.0;85.0;130.0,204
20.0;75.0;95.0,203
20.0;90.0;105.0,202
55.0;65.0;115.0,202
20.0;65.0;80.0,201
45.0;70.0;110.0,201
30.0;85.0;110.0,201
45.0;75.0;115.0,200
15.0;40.0;50.0,200
15.0;80.0;95.0,200
30.0;70.0;95.0,200
50.0;55.0;100.0,200
40.0;85.0;125.0,199
20.0;50.0;70.0,199
40.0;75.0;110.0,199
35.0;80.0;115.0,198
55.0;60.0;110.0,198
55.0;65.0;120.0,197
55.0;70.0;125.0,197
65.0;70.0;135.0,197
15.0;60.0;70.0,196
20.0;40.0;55.0,196
30.0;80.0;105.0,196
55.0;80.0;135.0,195
50.0;55.0;105.0,195
30.0;75.0;105.0,195
30.0;65.0;95.0,195
30.0;85.0;115.0,195
50.0;65.0;110.0,195
40.0;45.0;85.0,194
40.0;75.0;115.0,194
30.0;65.0;90.0,193
25.0;70.0;90.0,193
15.0;45.0;60.0,193
50.0;70.0;115.0,192
30.0;50.0;75.0,191
20.0;35.0;50.0,191
40.0;65.0;100.0,191
25.0;35.0;60.0,190
20.0;80.0;100.0,190
40.0;90.0;125.0,190
20.0;45.0;65.0,190
60.0;75.0;130.0,190
15.0;100.0;110.0,189
20.0;60.0;80.0,189
45.0;65.0;110.0,188
25.0;70.0;95.0,188
15.0;55.0;70.0,188
15.0;100.0;115.0,187
15.0;50.0;60.0,187
15.0;90.0;105.0,187
20.0;75.0;90.0,187
15.0;65.0;80.0,186
20.0;30.0;50.0,186
15.0;95.0;105.0,186
50.0;75.0;125.0,185
30.0;40.0;70.0,185
30.0;60.0;85.0,184
15.0;110.0;120.0,184
55.0;75.0;130.0,184
25.0;35.0;55.0,184
30.0;80.0;110.0,184
20.0;35.0;55.0,184
60.0;75.0;135.0,184
15.0;90.0;100.0,184
25.0;50.0;70.0,184
20.0;70.0;90.0,183
25.0;85.0;110.0,183
25.0;55.0;80.0,183
40.0;90.0;130.0,182
30.0;90.0;115.0,182
60.0;65.0;125.0,181
30.0;70.0;100.0,181
20.0;45.0;60.0,181
30.0;35.0;65.0,181
20.0;100.0;115.0,181
30.0;45.0;75.0,180
20.0;55.0;75.0,180
40.0;60.0;95.0,180
60.0;65.0;120.0,180
40.0;80.0;120.0,179
35.0;90.0;120.0,179
45.0;80.0;125.0,179
50.0;90.0;135.0,179
20.0;110.0;125.0,179
15.0;85.0;100.0,178
25.0;90.0;115.0,178
50.0;80.0;125.0,178
15.0;105.0;120.0,178
45.0;60.0;100.0,177
15.0;30.0;45.0,176
35.0;40.0;75.0,176
45.0;85.0;130.0,176
45.0;80.0;120.0,176
55.0;90.0;140.0,176
15.0;105.0;115.0,175
15.0;40.0;55.0,175
15.0;60.0;75.0,174
25.0;80.0;100.0,174
20.0;90.0;110.0,174
25.0;60.0;85.0,173
15.0;35.0;50.0,173
45.0;75.0;120.0,173
30.0;75.0;100.0,173
30.0;90.0;120.0,173
45.0;90.0;130.0,173
25.0;75.0;100.0,173
60.0;85.0;140.0,173
15.0;45.0;55.0,172
30.0;100.0;130.0,172
45.0;65.0;105.0,172
60.0;80.0;140.0,171
60.0;70.0;130.0,171
30.0;105.0;130.0,171
20.0;50.0;65.0,170
25.0;65.0;85.0,170
45.0;85.0;125.0,170
20.0;105.0;125.0,170
70.0;75.0;145.0,170
20.0;105.0;120.0,169
55.0;80.0;130.0,169
55.0;75.0;125.0,168
20.0;85.0;100.0,168
30.0;45.0;70.0,168
25.0;80.0;105.0,167
40.0;95.0;130.0,167
55.0;90.0;145.0,167
55.0;85.0;140.0,167
25.0;50.0;75.0,166
40.0;85.0;120.0,166
25.0;95.0;115.0,166
30.0;95.0;125.0,166
40.0;55.0;95.0,165
10.0;80.0;85.0,165
20.0;80.0;90.0,165
45.0;90.0;135.0,165
35.0;100.0;130.0,165
15.0;115.0;130.0,165
20.0;40.0;60.0,164
30.0;100.0;125.0,164
15.0;125.0;135.0,164
25.0;65.0;90.0,164
30.0;105.0;135.0,163
40.0;95.0;135.0,163
45.0;85.0;120.0,162
40.0;65.0;105.0,162
15.0;95.0;110.0,162
25.0;45.0;65.0,161
25.0;95.0;120.0,161
15.0;85.0;90.0,161
30.0;40.0;65.0,161
50.0;90.0;140.0,161
25.0;45.0;70.0,161
35.0;50.0;75.0,160
25.0;105.0;125.0,160
25.0;55.0;75.0,159
25.0;100.0;125.0,159
60.0;80.0;135.0,159
65.0;75.0;135.0,159
25.0;60.0;80.0,158
60.0;85.0;145.0,158
35.0;95.0;130.0,158
35.0;100.0;135.0,158
15.0;110.0;125.0,158
20.0;80.0;85.0,158
20.0;95.0;115.0,157
45.0;95.0;135.0,157
25.0;85.0;105.0,157
15.0;115.0;125.0,157
25.0;100.0;120.0,156
30.0;50.0;70.0,155
35.0;105.0;135.0,155
35.0;70.0;95.0,155
35.0;90.0;115.0,155
25.0;65.0;80.0,155
50.0;80.0;120.0,155
20.0;115.0;130.0,155
30.0;95.0;120.0,154
35.0;55.0;80.0,154
40.0;60.0;100.0,154
25.0;30.0;50.0,154
50.0;85.0;125.0,153
95.0;125.0;135.0,153
25.0;40.0;65.0,153
15.0;80.0;85.0,153
65.0;75.0;140.0,153
10.0;85.0;95.0,153
30.0;60.0;80.0,152
75.0;80.0;150.0,152
25.0;40.0;60.0,152
10.0;70.0;75.0,152
45.0;60.0;95.0,152
110.0;120.0;130.0,152
25.0;90.0;110.0,152
10.0;75.0;85.0,151
35.0;75.0;100.0,151
55.0;60.0;105.0,151
50.0;60.0;100.0,151
40.0;100.0;135.0,150
15.0;70.0;75.0,150
35.0;120.0;150.0,150
35.0;65.0;90.0,149
15.0;75.0;80.0,149
15.0;45.0;50.0,148
20.0;30.0;45.0,148
35.0;95.0;125.0,148
65.0;85.0;150.0,148
50.0;75.0;115.0,147
35.0;115.0;150.0,147
10.0;40.0;50.0,147
60.0;85.0;130.0,147
50.0;95.0;140.0,147
55.0;85.0;135.0,146
15.0;35.0;45.0,146
20.0;90.0;100.0,146
65.0;80.0;145.0,146
70.0;75.0;140.0,146
25.0;85.0;100.0,146
65.0;80.0;140.0,145
15.0;65.0;70.0,145
15.0;120.0;130.0,145
15.0;55.0;60.0,145
35.0;105.0;140.0,145
10.0;50.0;60.0,144
25.0;105.0;130.0,144
45.0;50.0;85.0,144
55.0;80.0;125.0,144
15.0;125.0;140.0,144
25.0;75.0;95.0,144
100.0;105.0;150.0,143
40.0;75.0;105.0,143
10.0;85.0;90.0,143
15.0;20.0;30.0,143
40.0;90.0;120.0,143
20.0;95.0;105.0,143
85.0;125.0;150.0,142
10.0;75.0;80.0,142
20.0;100.0;120.0,141
35.0;45.0;70.0,141
50.0;105.0;150.0,140
20.0;115.0;135.0,140
45.0;80.0;115.0,139
40.0;45.0;75.0,139
30.0;80.0;100.0,139
30.0;70.0;90.0,139
15.0;25.0;35.0,139
85.0;130.0;140.0,139
50.0;65.0;105.0,139
25.0;30.0;55.0,139
35.0;85.0;110.0,138
20.0;25.0;45.0,138
55.0;95.0;150.0,138
20.0;70.0;80.0,137
55.0;70.0;115.0,137
35.0;85.0;105.0,137
10.0;35.0;45.0,137
15.0;25.0;40.0,137
105.0;110.0;140.0,137
25.0;55.0;70.0,137
30.0;45.0;65.0,137
35.0;60.0;85.0,137
15.0;120.0;135.0,137
70.0;80.0;150.0,137
15.0;20.0;35.0,136
60.0;70.0;120.0,136
60.0;75.0;125.0,136
20.0;110.0;130.0,136
15.0;100.0;105.0,136
65.0;70.0;125.0,136
60.0;95.0;150.0,136
50.0;95.0;145.0,136
35.0;110.0;145.0,136
20.0;60.0;70.0,135
15.0;50.0;55.0,135
10.0;95.0;105.0,135
45.0;70.0;105.0,135
65.0;85.0;145.0,135
70.0;80.0;145.0,135
20.0;50.0;60.0,134
10.0;60.0;70.0,134
20.0;120.0;135.0,134
15.0;90.0;95.0,134
45.0;95.0;140.0,134
30.0;110.0;140.0,134
45.0;50.0;80.0,133
20.0;50.0;55.0,133
95.0;125.0;140.0,133
105.0;125.0;130.0,133
20.0;85.0;95.0,133
55.0;75.0;120.0,132
15.0;30.0;40.0,132
10.0;50.0;55.0,132
35.0;55.0;75.0,132
10.0;55.0;65.0,132
110.0;115.0;135.0,132
25.0;80.0;90.0,132
55.0;95.0;145.0,131
100.0;120.0;135.0,131
70.0;85.0;150.0,131
35.0;115.0;145.0,131
60.0;65.0;115.0,131
75.0;80.0;155.0,130
100.0;125.0;130.0,130
45.0;100.0;145.0,130
85.0;130.0;145.0,130
70.0;75.0;135.0,130
50.0;55.0;90.0,130
25.0;115.0;140.0,130
35.0;100.0;120.0,130
30.0;55.0;75.0,129
105.0;110.0;145.0,129
105.0;120.0;130.0,129
50.0;100.0;150.0,129
55.0;85.0;130.0,129
25.0;75.0;90.0,129
65.0;90.0;150.0,129
40.0;105.0;140.0,129
45.0;50.0;75.0,128
40.0;50.0;80.0,128
30.0;35.0;55.0,128
10.0;45.0;55.0,128
20.0;45.0;55.0,128
50.0;65.0;100.0,128
55.0;65.0;110.0,128
55.0;100.0;150.0,128
40.0;80.0;110.0,128
75.0;90.0;165.0,128
110.0;120.0;125.0,128
20.0;65.0;70.0,128
20.0;120.0;140.0,128
30.0;60.0;75.0,127
50.0;50.0;95.0,127
15.0;40.0;45.0,127
10.0;45.0;50.0,127
35.0;70.0;85.0,127
60.0;75.0;115.0,127
30.0;110.0;135.0,127
20.0;55.0;65.0,127
25.0;60.0;75.0,127
40.0;65.0;95.0,127
45.0;75.0;105.0,126
10.0;95.0;100.0,126
50.0;60.0;85.0,126
30.0;120.0;150.0,126
60.0;65.0;105.0,126
60.0;90.0;145.0,126
100.0;125.0;135.0,126
25.0;110.0;130.0,126
25.0;110.0;135.0,126
10.0;80.0;90.0,126
60.0;80.0;130.0,126
50.0;100.0;145.0,125
70.0;95.0;160.0,125
60.0;85.0;135.0,125
10.0;55.0;60.0,125
30.0;40.0;60.0,125
30.0;85.0;105.0,125
85.0;125.0;145.0,125
60.0;95.0;155.0,125
60.0;80.0;125.0,125
65.0;70.0;110.0,125
65.0;75.0;130.0,125
45.0;90.0;125.0,125
15.0;60.0;65.0,125
20.0;75.0;85.0,124
50.0;55.0;95.0,124
20.0;125.0;140.0,124
75.0;135.0;145.0,124
90.0;125.0;145.0,124
35.0;110.0;140.0,124
30.0;115.0;145.0,124
75.0;85.0;155.0,124
45.0;60.0;90.0,124
35.0;40.0;55.0,124
15.0;30.0;35.0,123
25.0;35.0;50.0,123
25.0;80.0;95.0,123
80.0;115.0;160.0,123
55.0;75.0;115.0,123
35.0;80.0;105.0,123
45.0;105.0;145.0,123
20.0;35.0;45.0,123
40.0;60.0;90.0,123
15.0;110.0;115.0,123
75.0;85.0;160.0,123
35.0;85.0;90.0,123
10.0;90.0;100.0,123
40.0;115.0;150.0,123
20.0;100.0;110.0,122
30.0;70.0;85.0,122
10.0;60.0;65.0,122
55.0;70.0;110.0,122
55.0;65.0;105.0,122
40.0;95.0;125.0,121
10.0;90.0;95.0,121
40.0;50.0;75.0,121
90.0;120.0;145.0,121
65.0;85.0;140.0,121
25.0;115.0;135.0,121
45.0;75.0;110.0,121
50.0;70.0;110.0,121
45.0;70.0;95.0,121
60.0;90.0;150.0,121
25.0;60.0;70.0,120
20.0;105.0;115.0,120
80.0;85.0;160.0,120
45.0;105.0;150.0,120
95.0;115.0;145.0,120
10.0;110.0;115.0,120
70.0;130.0;160.0,120
40.0;65.0;90.0,120
75.0;95.0;165.0,120
35.0;50.0;60.0,120
40.0;100.0;140.0,120
15.0;35.0;40.0,119
55.0;90.0;135.0,119
90.0;130.0;135.0,119
10.0;125.0;130.0,119
50.0;55.0;70.0,119
70.0;90.0;160.0,119
40.0;85.0;115.0,119
100.0;115.0;145.0,119
110.0;115.0;130.0,119
40.0;70.0;90.0,119
35.0;35.0;70.0,119
10.0;100.0;105.0,119
40.0;55.0;85.0,118
35.0;95.0;120.0,118
45.0;65.0;95.0,118
40.0;60.0;85.0,118
30.0;90.0;110.0,118
35.0;70.0;90.0,118
20.0;90.0;95.0,118
35.0;65.0;85.0,118
30.0;55.0;70.0,118
35.0;75.0;90.0,118
20.0;75.0;80.0,117
40.0;75.0;100.0,117
50.0;75.0;110.0,117
35.0;100.0;125.0,117
95.0;130.0;135.0,117
35.0;60.0;70.0,117
40.0;105.0;130.0,117
10.0;115.0;120.0,117
45.0;65.0;75.0,117
50.0;95.0;135.0,117
45.0;55.0;90.0,117
20.0;130.0;145.0,117
15.0;130.0;140.0,117
35.0;35.0;65.0,117
55.0;80.0;120.0,117
90.0;125.0;140.0,117
20.0;65.0;75.0,117
10.0;115.0;125.0,116
80.0;135.0;140.0,116
70.0;135.0;150.0,116
90.0;130.0;140.0,116
35.0;60.0;75.0,116
115.0;120.0;125.0,116
55.0;85.0;105.0,116
45.0;55.0;80.0,116
100.0;110.0;145.0,116
35.0;110.0;135.0,116
50.0;55.0;80.0,116
100.0;115.0;140.0,116
55.0;60.0;95.0,115
30.0;75.0;95.0,115
20.0;85.0;90.0,115
10.0;70.0;80.0,115
90.0;120.0;150.0,115
50.0;60.0;90.0,115
35.0;40.0;65.0,115
25.0;85.0;95.0,115
40.0;75.0;95.0,115
35.0;45.0;65.0,115
15.0;105.0;110.0,115
10.0;100.0;110.0,115
30.0;50.0;65.0,114
55.0;105.0;155.0,114
70.0;125.0;160.0,114
105.0;115.0;135.0,114
105.0;115.0;140.0,114
40.0;45.0;60.0,114
40.0;70.0;100.0,114
35.0;80.0;90.0,114
95.0;120.0;145.0,114
60.0;65.0;110.0,114
25.0;95.0;110.0,114
40.0;105.0;145.0,114
50.0;90.0;130.0,114
15.0;95.0;100.0,114
45.0;100.0;140.0,114
25.0;50.0;60.0,113
60.0;75.0;120.0,113
35.0;60.0;80.0,113
45.0;80.0;110.0,113
20.0;25.0;40.0,113
100.0;120.0;140.0,113
25.0;55.0;65.0,113
30.0;60.0;70.0,113
50.0;60.0;95.0,113
20.0;95.0;100.0,113
35.0;95.0;115.0,112
55.0;70.0;75.0,112
35.0;105.0;130.0,112
50.0;70.0;105.0,112
45.0;95.0;130.0,112
45.0;80.0;90.0,112
65.0;100.0;160.0,112
45.0;110.0;150.0,112
35.0;65.0;80.0,112
35.0;75.0;95.0,111
35.0;80.0;85.0,111
30.0;120.0;145.0,111
35.0;55.0;60.0,111
90.0;100.0;165.0,111
50.0;80.0;105.0,111
50.0;110.0;155.0,111
65.0;70.0;120.0,111
45.0;45.0;85.0,111
55.0;80.0;115.0,111
50.0;60.0;75.0,110
40.0;115.0;155.0,110
80.0;130.0;145.0,110
35.0;65.0;75.0,110
35.0;85.0;95.0,110
80.0;135.0;145.0,110
45.0;80.0;105.0,110
20.0;40.0;50.0,110
25.0;105.0;110.0,110
50.0;75.0;105.0,110
50.0;55.0;75.0,110
40.0;55.0;80.0,110
35.0;95.0;110.0,110
50.0;70.0;90.0,110
30.0;85.0;95.0,110
35.0;50.0;70.0,110
25.0;95.0;105.0,110
55.0;75.0;110.0,110
20.0;105.0;110.0,110
60.0;70.0;110.0,110
55.0;85.0;120.0,109
15.0;135.0;145.0,109
40.0;60.0;80.0,109
40.0;80.0;105.0,109
75.0;130.0;150.0,109
10.0;65.0;75.0,109
55.0;90.0;130.0,109
40.0;105.0;125.0,109
60.0;105.0;160.0,109
25.0;40.0;55.0,109
15.0;130.0;145.0,109
40.0;95.0;120.0,109
50.0;85.0;115.0,109
80.0;85.0;165.0,109
60.0;70.0;90.0,109
60.0;60.0;115.0,108
70.0;85.0;155.0,108
25.0;105.0;120.0,108
30.0;35.0;45.0,108
80.0;130.0;150.0,108
20.0;120.0;130.0,108
95.0;115.0;150.0,108
15.0;120.0;125.0,108
40.0;110.0;145.0,108
45.0;65.0;100.0,108
25.0;120.0;145.0,108
10.0;105.0;110.0,108
55.0;60.0;100.0,108
25.0;90.0;105.0,108
55.0;90.0;125.0,108
20.0;55.0;60.0,107
85.0;115.0;160.0,107
30.0;65.0;85.0,107
60.0;90.0;140.0,107
70.0;135.0;155.0,107
40.0;50.0;60.0,107
45.0;55.0;75.0,107
30.0;110.0;130.0,107
20.0;125.0;145.0,107
70.0;100.0;165.0,107
30.0;80.0;95.0,107
35.0;75.0;85.0,107
60.0;100.0;155.0,107
65.0;140.0;150.0,107
50.0;80.0;110.0,107
35.0;80.0;100.0,107
45.0;70.0;100.0,107
25.0;70.0;85.0,106
30.0;40.0;55.0,106
20.0;30.0;40.0,106
50.0;95.0;115.0,106
10.0;30.0;40.0,106
55.0;100.0;155.0,106
25.0;50.0;65.0,106
35.0;90.0;110.0,106
90.0;110.0;160.0,106
95.0;120.0;140.0,106
35.0;135.0;165.0,106
80.0;90.0;165.0,106
90.0;115.0;150.0,106
35.0;55.0;70.0,106
55.0;55.0;110.0,106
55.0;65.0;100.0,106
45.0;70.0;90.0,106
85.0;105.0;165.0,106
50.0;65.0;90.0,106
30.0;100.0;115.0,106
30.0;85.0;100.0,105
35.0;40.0;60.0,105
95.0;110.0;150.0,105
35.0;80.0;95.0,105
40.0;65.0;85.0,105
55.0;85.0;90.0,105
55.0;110.0;165.0,105
40.0;65.0;75.0,105
30.0;95.0;110.0,105
45.0;100.0;130.0,105
40.0;90.0;100.0,105
60.0;60.0;120.0,104
45.0;105.0;140.0,104
15.0;125.0;130.0,104
45.0;45.0;90.0,104
40.0;50.0;55.0,104
25.0;70.0;75.0,104
35.0;90.0;105.0,104
105.0;115.0;130.0,104
65.0;85.0;130.0,104
50.0;115.0;160.0,104
70.0;120.0;165.0,104
15.0;135.0;150.0,104
30.0;95.0;115.0,104
55.0;70.0;100.0,104
60.0;70.0;95.0,103
25.0;65.0;75.0,103
40.0;90.0;115.0,103
50.0;75.0;85.0,103
40.0;110.0;150.0,103
35.0;65.0;70.0,103
30.0;90.0;100.0,103
25.0;125.0;150.0,103
20.0;60.0;65.0,103
25.0;110.0;125.0,103
55.0;65.0;90.0,103
40.0;95.0;115.0,103
65.0;105.0;165.0,103
10.0;110.0;120.0,103
60.0;110.0;165.0,103
10.0;65.0;70.0,103
45.0;105.0;130.0,103
75.0;90.0;160.0,103
40.0;45.0;65.0,103
35.0;50.0;65.0,103
45.0;55.0;85.0,103
40.0;90.0;110.0,103
75.0;140.0;145.0,103
25.0;45.0;55.0,103
65.0;90.0;155.0,103
20.0;110.0;115.0,102
15.0;115.0;120.0,102
50.0;105.0;155.0,102
25.0;75.0;80.0,102
30.0;115.0;140.0,102
35.0;45.0;55.0,102
45.0;60.0;85.0,102
30.0;75.0;90.0,102
40.0;60.0;75.0,102
50.0;75.0;100.0,102
40.0;100.0;125.0,102
40.0;80.0;85.0,102
30.0;65.0;80.0,102
65.0;95.0;160.0,102
85.0;110.0;160.0,102
20.0;70.0;75.0,102
25.0;45.0;60.0,102
10.0;105.0;115.0,102
45.0;50.0;70.0,101
25.0;75.0;85.0,101
30.0;45.0;60.0,101
30.0;85.0;90.0,101
25.0;85.0;90.0,101
30.0;75.0;85.0,101
70.0;140.0;145.0,101
55.0;75.0;85.0,101
50.0;95.0;120.0,101
45.0;95.0;125.0,101
40.0;60.0;70.0,101
35.0;110.0;130.0,101
35.0;120.0;155.0,101
75.0;80.0;130.0,101
40.0;50.0;70.0,101
60.0;105.0;165.0,101
20.0;125.0;135.0,100
40.0;85.0;105.0,100
55.0;55.0;105.0,100
35.0;100.0;105.0,100
20.0;45.0;50.0,100
30.0;30.0;60.0,100
70.0;85.0;145.0,100
45.0;85.0;95.0,100
45.0;60.0;75.0,100
10.0;40.0;45.0,100
45.0;90.0;95.0,100
35.0;115.0;125.0,100
95.0;100.0;160.0,100
50.0;110.0;160.0,100
30.0;105.0;125.0,100
70.0;90.0;155.0,100
30.0;80.0;90.0,100
50.0;85.0;95.0,100
40.0;70.0;80.0,100
55.0;80.0;85.0,100
30.0;90.0;105.0,100
25.0;110.0;120.0,99
30.0;55.0;65.0,99
105.0;120.0;125.0,99
20.0;100.0;105.0,99
30.0;35.0;50.0,99
75.0;135.0;150.0,99
60.0;65.0;90.0,99
30.0;125.0;145.0,99
60.0;90.0;130.0,99
50.0;65.0;75.0,99
95.0;125.0;130.0,99
65.0;90.0;145.0,99
10.0;125.0;135.0,99
35.0;95.0;105.0,99
50.0;85.0;120.0,99
45.0;75.0;85.0,99
55.0;75.0;105.0,99
30.0;45.0;55.0,99
70.0;130.0;155.0,99
60.0;100.0;150.0,99
50.0;110.0;150.0,99
45.0;70.0;75.0,98
35.0;45.0;50.0,98
60.0;85.0;100.0,98
30.0;45.0;50.0,98
60.0;75.0;90.0,98
85.0;120.0;150.0,98
85.0;135.0;140.0,98
35.0;45.0;60.0,98
35.0;70.0;75.0,98
40.0;45.0;50.0,98
25.0;100.0;115.0,98
50.0;80.0;115.0,98
40.0;60.0;65.0,98
35.0;115.0;140.0,98
55.0;75.0;95.0,98
55.0;90.0;115.0,98
60.0;70.0;115.0,97
80.0;120.0;160.0,97
50.0;100.0;135.0,97
45.0;60.0;80.0,97
45.0;85.0;115.0,97
10.0;35.0;40.0,97
10.0;120.0;130.0,97
40.0;105.0;135.0,97
30.0;100.0;120.0,97
50.0;75.0;80.0,97
50.0;105.0;130.0,97
55.0;105.0;130.0,97
10.0;120.0;125.0,97
55.0;65.0;85.0,97
60.0;65.0;70.0,97
90.0;125.0;135.0,97
70.0;80.0;140.0,97
75.0;115.0;165.0,97
35.0;75.0;80.0,97
45.0;80.0;95.0,97
30.0;105.0;115.0,97
55.0;60.0;90.0,97
95.0;105.0;160.0,96
55.0;105.0;160.0,96
55.0;105.0;150.0,96
65.0;105.0;150.0,96
20.0;35.0;40.0,96
55.0;95.0;120.0,96
35.0;55.0;65.0,96
70.0;125.0;165.0,96
80.0;115.0;165.0,96
45.0;80.0;100.0,96
60.0;65.0;100.0,96
55.0;70.0;90.0,96
70.0;80.0;100.0,96
25.0;130.0;150.0,96
40.0;45.0;70.0,96
25.0;120.0;140.0,96
25.0;50.0;55.0,96
50.0;70.0;85.0,95
75.0;85.0;145.0,95
105.0;120.0;135.0,95
75.0;125.0;155.0,95
40.0;100.0;110.0,95
15.0;140.0;150.0,95
45.0;100.0;135.0,95
25.0;35.0;40.0,95
80.0;125.0;155.0,95
40.0;75.0;90.0,95
90.0;105.0;160.0,95
70.0;80.0;85.0,95
35.0;125.0;160.0,95
45.0;85.0;105.0,95
45.0;75.0;90.0,95
55.0;90.0;120.0,95
35.0;130.0;165.0,95
60.0;100.0;160.0,95
55.0;65.0;95.0,95
55.0;80.0;110.0,95
45.0;100.0;115.0,95
40.0;40.0;80.0,95
30.0;50.0;55.0,95
55.0;110.0;160.0,94
75.0;85.0;135.0,94
35.0;120.0;145.0,94
80.0;120.0;155.0,94
60.0;80.0;105.0,94
25.0;30.0;45.0,94
10.0;25.0;35.0,94
35.0;105.0;125.0,94
70.0;140.0;150.0,94
75.0;85.0;125.0,94
50.0;70.0;100.0,94
20.0;125.0;130.0,94
25.0;115.0;130.0,94
45.0;75.0;100.0,94
35.0;60.0;65.0,94
35.0;40.0;45.0,94
20.0;110.0;120.0,94
40.0;70.0;75.0,94
55.0;60.0;75.0,94
105.0;110.0;130.0,94
25.0;80.0;85.0,94
30.0;55.0;60.0,93
45.0;70.0;80.0,93
35.0;85.0;100.0,93
45.0;55.0;60.0,93
35.0;40.0;50.0,93
60.0;75.0;110.0,93
55.0;130.0;170.0,93
25.0;100.0;110.0,93
100.0;110.0;150.0,93
10.0;30.0;35.0,93
35.0;110.0;120.0,93
50.0;95.0;105.0,93
90.0;110.0;135.0,93
45.0;115.0;160.0,93
45.0;120.0;165.0,93
40.0;65.0;70.0,93
65.0;80.0;130.0,93
55.0;65.0;75.0,93
80.0;120.0;145.0,93
60.0;90.0;120.0,93
45.0;110.0;155.0,93
10.0;130.0;140.0,93
45.0;145.0;165.0,93
55.0;70.0;105.0,93
40.0;55.0;75.0,93
85.0;125.0;140.0,93
45.0;55.0;65.0,93
55.0;60.0;65.0,93
40.0;100.0;130.0,93
65.0;75.0;105.0,93
50.0;55.0;65.0,93
25.0;60.0;65.0,92
25.0;70.0;80.0,92
50.0;80.0;100.0,92
55.0;95.0;100.0,92
55.0;85.0;125.0,92
50.0;80.0;95.0,92
80.0;105.0;170.0,92
30.0;105.0;110.0,92
25.0;105.0;115.0,92
70.0;70.0;135.0,92
40.0;70.0;95.0,92
50.0;105.0;140.0,92
45.0;95.0;110.0,92
80.0;125.0;150.0,92
70.0;85.0;125.0,92
30.0;65.0;75.0,92
45.0;90.0;110.0,92
45.0;125.0;165.0,92
65.0;75.0;85.0,92
50.0;65.0;70.0,92
55.0;120.0;165.0,92
55.0;95.0;115.0,92
55.0;115.0;165.0,92
65.0;75.0;125.0,92
65.0;140.0;155.0,92
45.0;115.0;150.0,92
60.0;85.0;90.0,92
35.0;90.0;95.0,92
55.0;80.0;100.0,92
20.0;20.0;35.0,91
50.0;85.0;100.0,91
40.0;80.0;100.0,91
40.0;120.0;155.0,91
55.0;65.0;80.0,91
55.0;75.0;80.0,91
40.0;85.0;100.0,91
40.0;55.0;70.0,91
50.0;95.0;125.0,91
30.0;30.0;55.0,91
50.0;65.0;80.0,91
50.0;85.0;90.0,91
15.0;130.0;135.0,91
55.0;65.0;70.0,91
25.0;55.0;60.0,91
50.0;120.0;165.0,91
45.0;65.0;80.0,91
50.0;65.0;95.0,91
70.0;80.0;135.0,91
70.0;85.0;135.0,91
80.0;85.0;150.0,91
20.0;115.0;120.0,91
50.0;90.0;105.0,91
40.0;85.0;110.0,91
60.0;80.0;90.0,91
70.0;80.0;130.0,91
65.0;70.0;115.0,91
40.0;80.0;90.0,91
40.0;55.0;60.0,91
40.0;110.0;135.0,90
85.0;120.0;145.0,90
10.0;20.0;30.0,90
20.0;115.0;125.0,90
90.0;120.0;140.0,90
55.0;60.0;80.0,90
55.0;60.0;70.0,90
40.0;90.0;105.0,90
50.0;90.0;125.0,90
65.0;80.0;120.0,90
45.0;65.0;90.0,90
60.0;65.0;80.0,90
20.0;130.0;135.0,90
75.0;85.0;150.0,90
75.0;120.0;165.0,90
50.0;65.0;85.0,90
30.0;100.0;105.0,90
35.0;105.0;115.0,90
40.0;65.0;80.0,90
50.0;90.0;120.0,90
50.0;60.0;80.0,90
55.0;75.0;90.0,90
25.0;35.0;45.0,89
75.0;95.0;100.0,89
65.0;75.0;100.0,89
50.0;85.0;105.0,89
60.0;95.0;145.0,89
30.0;35.0;40.0,89
85.0;115.0;155.0,89
55.0;95.0;125.0,89
40.0;120.0;160.0,89
95.0;115.0;140.0,89
50.0;115.0;165.0,89
65.0;85.0;135.0,89
55.0;80.0;105.0,89
70.0;80.0;120.0,89
40.0;100.0;115.0,89
25.0;95.0;100.0,89
80.0;90.0;135.0,89
70.0;80.0;110.0,89
65.0;75.0;120.0,89
45.0;55.0;70.0,89
55.0;85.0;115.0,89
55.0;145.0;150.0,89
30.0;125.0;150.0,89
45.0;50.0;65.0,89
30.0;50.0;60.0,88
55.0;75.0;100.0,88
35.0;90.0;100.0,88
70.0;85.0;110.0,88
40.0;45.0;55.0,88
25.0;130.0;155.0,88
25.0;90.0;100.0,88
100.0;110.0;140.0,88
60.0;95.0;125.0,88
60.0;85.0;120.0,88
60.0;90.0;135.0,88
70.0;75.0;130.0,88
30.0;60.0;65.0,88
30.0;80.0;85.0,88
80.0;130.0;140.0,88
70.0;85.0;105.0,88
65.0;70.0;100.0,88
50.0;55.0;85.0,88
70.0;100.0;120.0,88
45.0;115.0;120.0,88
80.0;115.0;125.0,88
45.0;65.0;70.0,87
60.0;85.0;125.0,87
30.0;70.0;80.0,87
55.0;110.0;120.0,87
95.0;120.0;135.0,87
10.0;130.0;135.0,87
50.0;50.0;100.0,87
15.0;20.0;25.0,87
80.0;120.0;140.0,87
50.0;90.0;115.0,87
85.0;90.0;100.0,87
70.0;80.0;125.0,87
25.0;65.0;70.0,87
45.0;75.0;80.0,87
85.0;110.0;165.0,87
50.0;100.0;140.0,87
60.0;80.0;115.0,87
50.0;70.0;75.0,87
85.0;90.0;120.0,87
70.0;100.0;110.0,87
40.0;85.0;90.0,87
40.0;55.0;65.0,87
70.0;90.0;115.0,87
55.0;95.0;140.0,87
85.0;90.0;135.0,87
45.0;90.0;120.0,87
35.0;50.0;55.0,87
65.0;100.0;165.0,86
10.0;15.0;20.0,86
35.0;125.0;155.0,86
30.0;115.0;135.0,86
70.0;75.0;125.0,86
55.0;95.0;105.0,86
55.0;85.0;110.0,86
40.0;100.0;120.0,86
70.0;75.0;120.0,86
60.0;80.0;120.0,86
65.0;90.0;110.0,86
85.0;110.0;135.0,86
90.0;105.0;120.0,86
25.0;90.0;95.0,86
35.0;110.0;125.0,86
65.0;125.0;165.0,86
15.0;65.0;65.0,86
30.0;135.0;160.0,86
60.0;145.0;150.0,86
70.0;90.0;150.0,86
110.0;115.0;125.0,86
75.0;95.0;170.0,86
35.0;115.0;135.0,86
45.0;75.0;95.0,86
65.0;80.0;105.0,86
20.0;140.0;155.0,86
80.0;95.0;160.0,86
55.0;80.0;95.0,86
60.0;75.0;95.0,86
90.0;105.0;130.0,86
40.0;85.0;95.0,86
50.0;100.0;115.0,86
85.0;90.0;115.0,86
60.0;80.0;110.0,86
90.0;100.0;120.0,86
65.0;80.0;125.0,86
55.0;90.0;100.0,86
65.0;65.0;125.0,86
30.0;70.0;75.0,85
40.0;75.0;80.0,85
45.0;115.0;155.0,85
45.0;90.0;115.0,85
80.0;130.0;135.0,85
45.0;105.0;135.0,85
100.0;130.0;130.0,85
50.0;120.0;170.0,85
50.0;100.0;105.0,85
20.0;30.0;35.0,85
60.0;70.0;105.0,85
30.0;125.0;155.0,85
75.0;80.0;145.0,85
55.0;85.0;95.0,85
95.0;100.0;165.0,85
40.0;105.0;120.0,85
60.0;90.0;95.0,85
50.0;95.0;130.0,85
105.0;115.0;125.0,85
40.0;70.0;85.0,85
60.0;75.0;105.0,85
85.0;95.0;150.0,85
105.0;110.0;135.0,85
75.0;130.0;155.0,85
90.0;95.0;100.0,85
50.0;55.0;60.0,85
10.0;25.0;30.0,84
75.0;80.0;100.0,84
80.0;85.0;125.0,84
15.0;25.0;30.0,84
80.0;105.0;125.0,84
80.0;85.0;120.0,84
75.0;95.0;140.0,84
60.0;135.0;160.0,84
55.0;60.0;85.0,84
35.0;95.0;100.0,84
45.0;60.0;70.0,84
65.0;95.0;145.0,84
60.0;75.0;85.0,84
65.0;75.0;115.0,84
65.0;85.0;120.0,84
30.0;115.0;125.0,84
60.0;130.0;135.0,84
50.0;70.0;80.0,84
35.0;115.0;130.0,84
70.0;90.0;130.0,84
90.0;100.0;110.0,84
85.0;95.0;175.0,84
45.0;50.0;60.0,84
100.0;105.0;120.0,84
50.0;60.0;70.0,84
65.0;100.0;130.0,84
40.0;100.0;105.0,84
30.0;110.0;115.0,84
90.0;110.0;145.0,84
90.0;105.0;115.0,84
65.0;80.0;135.0,84
70.0;75.0;105.0,84
75.0;85.0;140.0,84
65.0;80.0;100.0,84
65.0;65.0;130.0,84
65.0;85.0;115.0,84
85.0;90.0;170.0,84
70.0;75.0;95.0,83
75.0;80.0;85.0,83
100.0;105.0;155.0,83
60.0;85.0;115.0,83
45.0;85.0;100.0,83
75.0;80.0;95.0,83
75.0;85.0;95.0,83
85.0;130.0;135.0,83
75.0;95.0;120.0,83
45.0;100.0;110.0,83
30.0;110.0;125.0,83
20.0;130.0;150.0,83
60.0;85.0;110.0,83
60.0;130.0;165.0,83
60.0;80.0;85.0,83
40.0;130.0;165.0,83
70.0;120.0;135.0,83
25.0;40.0;45.0,83
40.0;90.0;95.0,83
65.0;80.0;110.0,83
70.0;90.0;120.0,83
75.0;90.0;125.0,83
60.0;75.0;100.0,83
65.0;90.0;115.0,83
65.0;70.0;85.0,83
65.0;95.0;150.0,83
75.0;80.0;110.0,83
65.0;120.0;170.0,83
65.0;95.0;155.0,83
30.0;130.0;155.0,83
50.0;85.0;110.0,83
90.0;105.0;165.0,83
85.0;105.0;170.0,83
75.0;95.0;135.0,83
55.0;100.0;145.0,83
85.0;100.0;120.0,83
70.0;95.0;165.0,83
55.0;100.0;115.0,83
75.0;85.0;115.0,83
75.0;125.0;160.0,83
90.0;110.0;115.0,83
65.0;90.0;135.0,83
65.0;115.0;130.0,83
45.0;85.0;90.0,83
50.0;80.0;85.0,82
60.0;90.0;100.0,82
35.0;105.0;120.0,82
30.0;75.0;80.0,82
60.0;75.0;80.0,82
75.0;125.0;135.0,82
70.0;75.0;100.0,82
45.0;120.0;155.0,82
85.0;115.0;125.0,82
25.0;40.0;50.0,82
70.0;115.0;165.0,82
70.0;90.0;95.0,82
65.0;75.0;110.0,82
75.0;80.0;105.0,82
90.0;115.0;155.0,82
80.0;90.0;170.0,82
50.0;70.0;95.0,82
80.0;85.0;115.0,82
60.0;135.0;165.0,82
75.0;80.0;120.0,82
50.0;100.0;130.0,82
55.0;95.0;130.0,82
45.0;90.0;100.0,82
75.0;115.0;130.0,82
65.0;100.0;140.0,82
80.0;100.0;165.0,82
40.0;80.0;95.0,82
30.0;65.0;70.0,81
25.0;45.0;50.0,81
25.0;135.0;155.0,81
75.0;100.0;170.0,81
60.0;95.0;140.0,81
60.0;110.0;160.0,81
70.0;90.0;100.0,81
75.0;85.0;120.0,81
25.0;115.0;120.0,81
35.0;120.0;125.0,81
55.0;70.0;95.0,81
45.0;100.0;125.0,81
55.0;90.0;95.0,81
90.0;95.0;135.0,81
30.0;120.0;125.0,81
65.0;70.0;75.0,81
75.0;90.0;150.0,81
45.0;110.0;115.0,81
80.0;90.0;130.0,81
20.0;25.0;35.0,81
50.0;105.0;120.0,81
25.0;120.0;135.0,81
60.0;60.0;110.0,81
75.0;110.0;165.0,81
60.0;90.0;110.0,81
60.0;95.0;130.0,81
50.0;60.0;65.0,81
50.0;75.0;95.0,81
85.0;105.0;115.0,81
45.0;95.0;120.0,81
70.0;90.0;105.0,81
65.0;90.0;125.0,81
60.0;110.0;115.0,81
25.0;125.0;145.0,81
105.0;110.0;120.0,81
80.0;110.0;165.0,81
45.0;90.0;105.0,81
40.0;120.0;150.0,81
30.0;40.0;50.0,81
90.0;115.0;145.0,81
50.0;125.0;170.0,81
60.0;65.0;75.0,80
30.0;90.0;95.0,80
35.0;125.0;150.0,80
45.0;95.0;105.0,80
75.0;130.0;140.0,80
90.0;95.0;165.0,80
70.0;105.0;130.0,80
45.0;110.0;135.0,80
40.0;120.0;140.0,80
70.0;120.0;160.0,80
70.0;80.0;105.0,80
65.0;130.0;165.0,80
20.0;130.0;140.0,80
40.0;105.0;110.0,80
50.0;110.0;135.0,80
45.0;110.0;145.0,80
75.0;130.0;145.0,80
35.0;100.0;115.0,80
50.0;90.0;110.0,80
75.0;105.0;175.0,80
80.0;120.0;150.0,80
65.0;85.0;95.0,80
75.0;130.0;135.0,80
10.0;135.0;140.0,80
80.0;85.0;145.0,80
60.0;105.0;145.0,80
65.0;110.0;170.0,80
30.0;130.0;160.0,80
55.0;100.0;120.0,80
60.0;70.0;85.0,80
75.0;80.0;125.0,80
50.0;95.0;100.0,80
55.0;100.0;125.0,80
40.0;105.0;115.0,80
75.0;120.0;145.0,80
5.0;65.0;70.0,80
55.0;115.0;120.0,79
75.0;80.0;115.0,79
80.0;85.0;95.0,79
65.0;95.0;140.0,79
75.0;125.0;150.0,79
40.0;95.0;105.0,79
30.0;40.0;45.0,79
60.0;85.0;105.0,79
70.0;105.0;160.0,79
60.0;105.0;155.0,79
55.0;70.0;80.0,79
50.0;90.0;95.0,79
90.0;95.0;145.0,79
85.0;100.0;105.0,79
55.0;95.0;110.0,79
70.0;90.0;110.0,79
90.0;125.0;130.0,79
45.0;105.0;125.0,79
90.0;105.0;140.0,79
55.0;95.0;135.0,79
40.0;110.0;115.0,79
90.0;110.0;155.0,79
70.0;135.0;140.0,79
65.0;95.0;130.0,79
65.0;85.0;125.0,79
60.0;125.0;170.0,79
70.0;100.0;170.0,79
75.0;90.0;100.0,79
30.0;100.0;110.0,79
50.0;105.0;145.0,79
45.0;120.0;130.0,79
65.0;105.0;130.0,79
50.0;105.0;110.0,79
70.0;95.0;145.0,79
60.0;65.0;95.0,79
75.0;90.0;95.0,79
70.0;115.0;130.0,79
50.0;105.0;135.0,79
55.0;100.0;110.0,79
75.0;100.0;130.0,79
50.0;100.0;110.0,79
30.0;115.0;130.0,79
65.0;105.0;170.0,79
80.0;110.0;120.0,79
60.0;100.0;120.0,78
80.0;85.0;100.0,78
65.0;135.0;160.0,78
100.0;110.0;130.0,78
60.0;120.0;170.0,78
50.0;115.0;130.0,78
85.0;120.0;135.0,78
60.0;70.0;75.0,78
105.0;115.0;120.0,78
95.0;120.0;125.0,78
70.0;95.0;150.0,78
40.0;95.0;100.0,78
55.0;135.0;165.0,78
35.0;130.0;160.0,78
70.0;85.0;130.0,78
65.0;135.0;155.0,78
95.0;120.0;130.0,78
60.0;70.0;80.0,78
50.0;110.0;120.0,78
65.0;70.0;90.0,78
60.0;80.0;100.0,78
85.0;110.0;150.0,78
30.0;95.0;105.0,78
30.0;110.0;120.0,78
70.0;95.0;115.0,78
50.0;75.0;90.0,78
90.0;105.0;110.0,78
75.0;125.0;130.0,78
75.0;115.0;140.0,78
40.0;125.0;165.0,78
55.0;120.0;130.0,78
80.0;115.0;120.0,78
55.0;115.0;150.0,78
50.0;125.0;165.0,78
50.0;100.0;125.0,78
70.0;115.0;170.0,78
60.0;115.0;130.0,78
60.0;120.0;145.0,78
90.0;100.0;170.0,78
75.0;80.0;140.0,78
25.0;30.0;40.0,77
80.0;90.0;105.0,77
15.0;85.0;85.0,77
70.0;85.0;140.0,77
65.0;80.0;95.0,77
55.0;80.0;90.0,77
60.0;100.0;115.0,77
50.0;50.0;75.0,77
45.0;50.0;55.0,77
75.0;120.0;155.0,77
45.0;70.0;85.0,77
55.0;110.0;125.0,77
65.0;75.0;95.0,77
60.0;90.0;125.0,77
50.0;110.0;140.0,77
55.0;120.0;160.0,77
25.0;115.0;125.0,77
5.0;105.0;110.0,77
60.0;90.0;105.0,77
90.0;110.0;120.0,77
65.0;110.0;120.0,77
50.0;110.0;145.0,77
100.0;120.0;125.0,77
90.0;120.0;135.0,77
70.0;90.0;145.0,77
70.0;130.0;135.0,77
85.0;120.0;130.0,77
60.0;105.0;135.0,77
35.0;70.0;80.0,77
100.0;105.0;135.0,77
55.0;105.0;120.0,77
65.0;130.0;135.0,77
80.0;95.0;170.0,77
95.0;115.0;130.0,77
100.0;120.0;130.0,76
65.0;100.0;145.0,76
55.0;115.0;170.0,76
55.0;90.0;110.0,76
45.0;45.0;80.0,76
20.0;135.0;155.0,76
70.0;95.0;120.0,76
5.0;50.0;55.0,76
75.0;100.0;125.0,76
20.0;135.0;150.0,76
70.0;125.0;145.0,76
70.0;105.0;140.0,76
35.0;130.0;135.0,76
95.0;105.0;155.0,76
40.0;115.0;120.0,76
50.0;110.0;115.0,76
65.0;110.0;130.0,76
70.0;75.0;80.0,76
50.0;115.0;135.0,76
35.0;35.0;60.0,76
60.0;140.0;150.0,76
75.0;135.0;140.0,76
85.0;125.0;135.0,76
55.0;70.0;85.0,76
85.0;115.0;135.0,76
80.0;90.0;140.0,76
55.0;120.0;170.0,76
45.0;105.0;115.0,76
60.0;95.0;115.0,76
65.0;90.0;105.0,76
60.0;105.0;150.0,76
55.0;100.0;105.0,76
80.0;125.0;135.0,76
55.0;100.0;130.0,75
45.0;120.0;160.0,75
85.0;100.0;170.0,75
45.0;80.0;85.0,75
95.0;105.0;135.0,75
75.0;115.0;170.0,75
75.0;120.0;160.0,75
90.0;110.0;130.0,75
50.0;90.0;100.0,75
85.0;110.0;130.0,75
90.0;100.0;105.0,75
70.0;70.0;130.0,75
55.0;110.0;130.0,75
85.0;90.0;165.0,75
25.0;130.0;140.0,75
35.0;105.0;110.0,75
20.0;135.0;145.0,75
75.0;105.0;165.0,75
80.0;100.0;115.0,75
75.0;110.0;140.0,75
50.0;135.0;170.0,75
45.0;125.0;135.0,75
60.0;105.0;130.0,75
70.0;110.0;135.0,75
70.0;115.0;135.0,75
80.0;85.0;155.0,75
65.0;80.0;85.0,75
80.0;90.0;110.0,75
85.0;110.0;155.0,75
60.0;115.0;170.0,75
40.0;110.0;120.0,75
80.0;90.0;125.0,75
50.0;80.0;90.0,75
65.0;90.0;140.0,75
55.0;100.0;140.0,75
40.0;40.0;75.0,74
20.0;120.0;125.0,74
50.0;120.0;125.0,74
55.0;140.0;160.0,74
80.0;100.0;135.0,74
30.0;95.0;100.0,74
85.0;100.0;145.0,74
60.0;145.0;155.0,74
80.0;85.0;135.0,74
75.0;110.0;135.0,74
80.0;85.0;110.0,74
60.0;105.0;110.0,74
60.0;70.0;100.0,74
45.0;60.0;65.0,74
50.0;50.0;90.0,74
90.0;115.0;135.0,74
65.0;70.0;80.0,74
75.0;110.0;120.0,74
60.0;95.0;110.0,74
80.0;95.0;105.0,74
30.0;135.0;165.0,74
70.0;105.0;145.0,74
70.0;90.0;135.0,74
65.0;80.0;115.0,74
65.0;90.0;95.0,74
85.0;90.0;130.0,74
85.0;90.0;105.0,74
30.0;115.0;120.0,74
90.0;95.0;115.0,74
50.0;95.0;110.0,74
25.0;25.0;50.0,74
75.0;85.0;105.0,74
85.0;105.0;150.0,74
65.0;100.0;105.0,74
75.0;90.0;115.0,74
75.0;100.0;105.0,74
85.0;100.0;165.0,74
50.0;100.0;120.0,74
65.0;130.0;160.0,74
70.0;100.0;105.0,74
70.0;85.0;120.0,74
75.0;110.0;125.0,74
40.0;120.0;145.0,74
70.0;75.0;115.0,73
80.0;120.0;135.0,73
80.0;115.0;135.0,73
30.0;120.0;135.0,73
75.0;80.0;90.0,73
45.0;105.0;110.0,73
30.0;105.0;120.0,73
20.0;55.0;55.0,73
80.0;90.0;115.0,73
25.0;135.0;160.0,73
5.0;85.0;90.0,73
25.0;110.0;115.0,73
40.0;95.0;110.0,73
75.0;95.0;160.0,73
60.0;100.0;135.0,73
65.0;145.0;150.0,73
80.0;115.0;130.0,73
45.0;85.0;110.0,73
65.0;100.0;155.0,73
30.0;120.0;140.0,73
95.0;105.0;110.0,73
95.0;100.0;105.0,73
55.0;100.0;135.0,73
75.0;100.0;135.0,73
40.0;115.0;145.0,73
40.0;130.0;145.0,73
85.0;105.0;135.0,73
60.0;115.0;120.0,73
60.0;140.0;155.0,73
35.0;100.0;110.0,73
45.0;100.0;105.0,73
95.0;105.0;130.0,73
75.0;110.0;130.0,73
80.0;85.0;90.0,73
15.0;70.0;70.0,72
10.0;15.0;25.0,72
15.0;80.0;80.0,72
70.0;100.0;135.0,72
45.0;115.0;135.0,72
55.0;105.0;125.0,72
70.0;105.0;170.0,72
25.0;100.0;105.0,72
70.0;85.0;115.0,72
70.0;75.0;110.0,72
70.0;125.0;140.0,72
60.0;110.0;135.0,72
30.0;125.0;135.0,72
70.0;130.0;150.0,72
70.0;95.0;100.0,72
25.0;30.0;35.0,72
90.0;100.0;125.0,72
100.0;105.0;145.0,72
55.0;145.0;160.0,72
35.0;110.0;115.0,72
85.0;95.0;160.0,72
55.0;110.0;115.0,72
70.0;75.0;90.0,72
5.0;60.0;65.0,72
30.0;125.0;140.0,72
40.0;110.0;130.0,72
20.0;150.0;165.0,72
60.0;95.0;105.0,72
60.0;100.0;145.0,72
65.0;135.0;150.0,72
70.0;115.0;120.0,72
65.0;70.0;95.0,72
70.0;115.0;145.0,72
90.0;105.0;150.0,72
40.0;110.0;140.0,72
70.0;85.0;95.0,72
60.0;105.0;115.0,72
50.0;145.0;165.0,72
30.0;140.0;165.0,72
65.0;95.0;105.0,72
70.0;110.0;170.0,72
65.0;75.0;80.0,72
60.0;120.0;175.0,72
90.0;110.0;140.0,72
65.0;85.0;100.0,72
85.0;100.0;110.0,72
70.0;105.0;115.0,72
80.0;110.0;115.0,72
65.0;115.0;165.0,72
15.0;105.0;105.0,71
80.0;125.0;140.0,71
80.0;90.0;100.0,71
65.0;120.0;135.0,71
70.0;95.0;105.0,71
75.0;120.0;150.0,71
65.0;115.0;125.0,71
60.0;85.0;95.0,71
70.0;85.0;90.0,71
70.0;90.0;140.0,71
75.0;105.0;125.0,71
50.0;120.0;135.0,71
25.0;140.0;165.0,71
95.0;110.0;130.0,71
70.0;95.0;130.0,71
75.0;90.0;130.0,71
70.0;100.0;140.0,71
45.0;125.0;160.0,71
40.0;50.0;65.0,71
70.0;80.0;95.0,71
70.0;95.0;110.0,71
70.0;110.0;150.0,71
65.0;115.0;135.0,71
85.0;115.0;120.0,71
65.0;85.0;105.0,71
65.0;90.0;130.0,71
10.0;75.0;75.0,71
75.0;90.0;105.0,71
70.0;125.0;130.0,71
60.0;80.0;95.0,71
45.0;100.0;120.0,71
60.0;100.0;140.0,71
90.0;95.0;170.0,71
55.0;60.0;60.0,71
55.0;120.0;135.0,71
75.0;90.0;110.0,71
10.0;145.0;155.0,71
75.0;100.0;110.0,71
90.0;110.0;125.0,71
15.0;50.0;50.0,71
30.0;125.0;130.0,71
65.0;100.0;115.0,71
80.0;100.0;110.0,70
15.0;100.0;100.0,70
85.0;95.0;145.0,70
10.0;140.0;145.0,70
35.0;125.0;140.0,70
100.0;110.0;115.0,70
85.0;95.0;130.0,70
75.0;95.0;145.0,70
75.0;125.0;145.0,70
70.0;75.0;85.0,70
55.0;115.0;135.0,70
50.0;115.0;150.0,70
5.0;55.0;60.0,70
85.0;90.0;160.0,70
90.0;95.0;160.0,70
85.0;100.0;115.0,70
60.0;90.0;115.0,70
65.0;100.0;120.0,70
70.0;95.0;135.0,70
75.0;105.0;160.0,70
95.0;110.0;155.0,70
95.0;100.0;145.0,70
80.0;95.0;140.0,70
50.0;50.0;85.0,70
50.0;105.0;125.0,70
20.0;40.0;45.0,70
75.0;95.0;115.0,70
50.0;130.0;165.0,70
85.0;90.0;110.0,70
85.0;115.0;140.0,70
45.0;125.0;140.0,70
95.0;105.0;145.0,70
85.0;120.0;155.0,70
70.0;125.0;155.0,70
100.0;110.0;135.0,70
90.0;115.0;125.0,70
35.0;125.0;135.0,70
65.0;130.0;155.0,70
90.0;110.0;150.0,70
70.0;110.0;130.0,70
40.0;75.0;85.0,70
45.0;135.0;165.0,70
55.0;55.0;100.0,69
45.0;105.0;120.0,69
75.0;95.0;130.0,69
75.0;105.0;135.0,69
70.0;100.0;125.0,69
60.0;120.0;125.0,69
35.0;135.0;150.0,69
70.0;95.0;155.0,69
5.0;15.0;20.0,69
50.0;110.0;125.0,69
75.0;105.0;130.0,69
55.0;120.0;125.0,69
60.0;140.0;160.0,69
80.0;95.0;110.0,69
55.0;115.0;160.0,69
65.0;95.0;135.0,69
65.0;70.0;105.0,69
80.0;90.0;160.0,69
10.0;105.0;105.0,69
75.0;95.0;125.0,69
100.0;110.0;125.0,69
60.0;65.0;85.0,69
80.0;110.0;130.0,69
90.0;105.0;145.0,69
75.0;80.0;135.0,69
75.0;115.0;120.0,69
45.0;110.0;125.0,69
95.0;100.0;110.0,69
35.0;130.0;140.0,69
20.0;20.0;30.0,69
25.0;120.0;125.0,69
85.0;95.0;165.0,69
90.0;105.0;125.0,69
70.0;105.0;110.0,69
70.0;100.0;130.0,69
75.0;90.0;120.0,69
110.0;115.0;120.0,69
50.0;115.0;125.0,69
90.0;100.0;115.0,69
80.0;85.0;105.0,69
100.0;115.0;125.0,69
80.0;100.0;130.0,69
45.0;115.0;145.0,69
85.0;105.0;130.0,69
55.0;135.0;140.0,68
80.0;105.0;160.0,68
45.0;65.0;85.0,68
35.0;120.0;135.0,68
80.0;105.0;115.0,68
50.0;110.0;130.0,68
65.0;95.0;120.0,68
65.0;125.0;155.0,68
95.0;110.0;140.0,68
40.0;130.0;140.0,68
25.0;120.0;130.0,68
20.0;20.0;40.0,68
55.0;105.0;135.0,68
75.0;115.0;150.0,68
75.0;110.0;155.0,68
5.0;110.0;115.0,68
60.0;115.0;165.0,68
40.0;125.0;160.0,68
65.0;115.0;120.0,68
45.0;110.0;120.0,68
60.0;110.0;150.0,68
15.0;60.0;60.0,68
110.0;110.0;140.0,68
75.0;75.0;145.0,68
65.0;105.0;145.0,68
100.0;105.0;115.0,68
70.0;95.0;125.0,68
70.0;100.0;150.0,68
75.0;105.0;145.0,68
55.0;110.0;135.0,68
20.0;85.0;85.0,68
80.0;90.0;120.0,68
80.0;105.0;150.0,68
65.0;105.0;110.0,68
70.0;100.0;115.0,68
70.0;135.0;145.0,68
85.0;110.0;125.0,68
70.0;80.0;115.0,68
60.0;110.0;170.0,68
85.0;110.0;120.0,68
65.0;100.0;125.0,68
60.0;100.0;130.0,68
65.0;125.0;170.0,68
35.0;120.0;140.0,67
55.0;85.0;100.0,67
85.0;95.0;100.0,67
45.0;135.0;170.0,67
80.0;95.0;120.0,67
45.0;120.0;150.0,67
35.0;130.0;150.0,67
85.0;95.0;120.0,67
75.0;95.0;105.0,67
30.0;120.0;130.0,67
50.0;130.0;155.0,67
15.0;145.0;150.0,67
10.0;60.0;60.0,67
75.0;90.0;140.0,67
100.0;105.0;130.0,67
35.0;125.0;145.0,67
85.0;110.0;115.0,67
75.0;100.0;120.0,67
70.0;115.0;160.0,67
60.0;100.0;125.0,67
45.0;115.0;125.0,67
60.0;95.0;135.0,67
70.0;110.0;175.0,67
75.0;115.0;145.0,67
15.0;115.0;115.0,67
70.0;120.0;170.0,67
65.0;95.0;100.0,67
20.0;50.0;50.0,67
50.0;140.0;170.0,67
40.0;135.0;170.0,67
50.0;105.0;115.0,67
90.0;115.0;140.0,67
95.0;110.0;115.0,67
80.0;105.0;165.0,67
70.0;100.0;155.0,67
95.0;115.0;120.0,67
80.0;100.0;155.0,67
65.0;140.0;145.0,67
40.0;110.0;125.0,67
60.0;130.0;150.0,67
90.0;115.0;120.0,67
85.0;100.0;135.0,66
75.0;90.0;135.0,66
75.0;105.0;115.0,66
65.0;105.0;125.0,66
75.0;85.0;130.0,66
80.0;110.0;150.0,66
35.0;135.0;160.0,66
55.0;110.0;145.0,66
20.0;140.0;160.0,66
70.0;115.0;140.0,66
40.0;135.0;165.0,66
70.0;110.0;160.0,66
65.0;90.0;100.0,66
65.0;110.0;115.0,66
105.0;125.0;125.0,66
75.0;105.0;110.0,66
25.0;130.0;135.0,66
75.0;110.0;145.0,66
65.0;90.0;120.0,66
15.0;140.0;155.0,66
75.0;85.0;110.0,66
40.0;115.0;125.0,66
90.0;100.0;140.0,66
10.0;135.0;145.0,66
65.0;110.0;165.0,66
100.0;105.0;140.0,66
15.0;135.0;140.0,66
70.0;115.0;125.0,66
80.0;105.0;120.0,66
75.0;100.0;115.0,66
90.0;95.0;110.0,66
65.0;130.0;150.0,66
60.0;100.0;110.0,66
5.0;75.0;80.0,66
10.0;140.0;150.0,66
50.0;120.0;145.0,66
85.0;85.0;165.0,66
85.0;125.0;130.0,66
15.0;75.0;75.0,65
80.0;125.0;130.0,65
55.0;105.0;140.0,65
50.0;145.0;160.0,65
75.0;100.0;145.0,65
85.0;105.0;110.0,65
65.0;85.0;110.0,65
95.0;100.0;130.0,65
25.0;125.0;130.0,65
40.0;120.0;130.0,65
115.0;120.0;120.0,65
70.0;120.0;130.0,65
80.0;90.0;155.0,65
75.0;115.0;135.0,65
90.0;100.0;150.0,65
70.0;110.0;140.0,65
85.0;90.0;145.0,65
65.0;110.0;140.0,65
75.0;120.0;130.0,65
55.0;105.0;145.0,65
30.0;130.0;150.0,65
95.0;100.0;115.0,65
80.0;95.0;100.0,65
80.0;95.0;165.0,65
50.0;150.0;160.0,65
55.0;110.0;150.0,65
60.0;120.0;140.0,65
75.0;105.0;140.0,65
75.0;85.0;90.0,65
80.0;90.0;95.0,65
20.0;75.0;75.0,65
60.0;110.0;130.0,65
15.0;40.0;40.0,65
40.0;115.0;140.0,65
90.0;105.0;155.0,65
55.0;115.0;140.0,65
65.0;75.0;90.0,65
70.0;90.0;125.0,65
30.0;135.0;140.0,65
55.0;130.0;165.0,65
90.0;100.0;145.0,65
75.0;90.0;155.0,65
80.0;100.0;175.0,65
75.0;110.0;150.0,65
55.0;115.0;125.0,65
70.0;110.0;155.0,65
85.0;105.0;120.0,65
85.0;100.0;130.0,65
95.0;100.0;150.0,65
80.0;115.0;155.0,65
90.0;120.0;130.0,65
55.0;110.0;140.0,65
60.0;110.0;120.0,65
45.0;115.0;140.0,64
100.0;115.0;135.0,64
100.0;105.0;110.0,64
95.0;110.0;135.0,64
60.0;130.0;170.0,64
40.0;130.0;155.0,64
75.0;105.0;150.0,64
15.0;15.0;30.0,64
50.0;125.0;145.0,64
60.0;125.0;155.0,64
30.0;135.0;145.0,64
60.0;110.0;145.0,64
70.0;105.0;175.0,64
95.0;110.0;145.0,64
35.0;125.0;130.0,64
90.0;100.0;160.0,64
60.0;120.0;165.0,64
65.0;95.0;125.0,64
90.0;120.0;125.0,64
85.0;90.0;95.0,64
70.0;85.0;100.0,64
80.0;115.0;145.0,64
70.0;95.0;140.0,64
55.0;90.0;105.0,64
50.0;125.0;140.0,64
45.0;135.0;140.0,64
65.0;115.0;140.0,64
100.0;115.0;120.0,64
85.0;95.0;115.0,64
75.0;105.0;170.0,64
80.0;105.0;145.0,64
95.0;105.0;125.0,64
90.0;115.0;130.0,64
60.0;115.0;135.0,64
60.0;135.0;140.0,64
80.0;100.0;170.0,64
75.0;90.0;145.0,64
50.0;135.0;165.0,64
55.0;105.0;115.0,64
5.0;80.0;85.0,63
80.0;110.0;155.0,63
45.0;95.0;100.0,63
85.0;90.0;155.0,63
50.0;125.0;150.0,63
70.0;120.0;145.0,63
75.0;75.0;150.0,63
50.0;120.0;155.0,63
60.0;110.0;125.0,63
60.0;135.0;150.0,63
55.0;140.0;150.0,63
25.0;140.0;160.0,63
75.0;95.0;150.0,63
75.0;105.0;120.0,63
45.0;150.0;160.0,63
70.0;110.0;165.0,63
65.0;115.0;175.0,63
5.0;95.0;100.0,63
65.0;95.0;115.0,63
85.0;95.0;135.0,63
65.0;105.0;120.0,63
70.0;70.0;140.0,63
85.0;105.0;140.0,63
95.0;105.0;150.0,63
80.0;85.0;140.0,63
90.0;105.0;135.0,63
95.0;115.0;125.0,63
95.0;100.0;135.0,63
90.0;95.0;125.0,63
85.0;110.0;140.0,63
60.0;60.0;100.0,63
90.0;100.0;130.0,63
85.0;110.0;145.0,63
10.0;80.0;80.0,63
65.0;120.0;165.0,63
30.0;90.0;90.0,63
115.0;115.0;125.0,63
65.0;105.0;160.0,62
50.0;115.0;145.0,62
90.0;95.0;105.0,62
85.0;115.0;145.0,62
30.0;55.0;55.0,62
50.0;120.0;130.0,62
85.0;120.0;125.0,62
40.0;115.0;135.0,62
60.0;115.0;145.0,62
65.0;85.0;90.0,62
85.0;90.0;175.0,62
65.0;125.0;130.0,62
65.0;125.0;135.0,62
55.0;115.0;155.0,62
65.0;110.0;145.0,62
70.0;105.0;125.0,62
45.0;120.0;135.0,62
45.0;115.0;130.0,62
65.0;120.0;125.0,62
45.0;145.0;170.0,62
30.0;145.0;170.0,62
80.0;85.0;130.0,62
15.0;95.0;95.0,62
45.0;95.0;115.0,62
80.0;95.0;115.0,62
80.0;105.0;110.0,62
40.0;115.0;130.0,62
75.0;100.0;165.0,62
95.0;105.0;120.0,62
40.0;120.0;135.0,62
80.0;95.0;145.0,62
55.0;105.0;110.0,62
15.0;55.0;55.0,62
70.0;125.0;150.0,62
80.0;110.0;135.0,62
20.0;80.0;80.0,62
10.0;90.0;90.0,62
70.0;110.0;145.0,62
50.0;120.0;160.0,61
80.0;100.0;105.0,61
60.0;95.0;100.0,61
60.0;115.0;160.0,61
60.0;95.0;120.0,61
5.0;35.0;40.0,61
95.0;100.0;120.0,61
50.0;125.0;130.0,61
75.0;95.0;155.0,61
80.0;125.0;145.0,61
95.0;130.0;130.0,61
25.0;135.0;150.0,61
60.0;110.0;140.0,61
45.0;120.0;145.0,61
80.0;95.0;150.0,61
65.0;100.0;135.0,61
95.0;115.0;135.0,61
65.0;125.0;150.0,61
60.0;100.0;105.0,61
65.0;145.0;145.0,61
20.0;145.0;160.0,61
80.0;115.0;150.0,61
80.0;120.0;130.0,61
85.0;105.0;155.0,61
35.0;90.0;90.0,61
20.0;25.0;30.0,61
80.0;100.0;140.0,61
80.0;110.0;170.0,61
60.0;105.0;140.0,61
80.0;105.0;135.0,61
60.0;115.0;140.0,61
85.0;115.0;130.0,61
55.0;130.0;155.0,61
60.0;110.0;155.0,61
60.0;115.0;125.0,61
50.0;120.0;140.0,60
90.0;135.0;135.0,60
40.0;145.0;170.0,60
70.0;105.0;120.0,60
35.0;120.0;130.0,60
35.0;135.0;145.0,60
5.0;85.0;85.0,60
95.0;110.0;125.0,60
40.0;125.0;130.0,60
65.0;105.0;115.0,60
70.0;115.0;175.0,60
80.0;110.0;160.0,60
70.0;110.0;120.0,60
70.0;125.0;135.0,60
70.0;110.0;115.0,60
45.0;135.0;175.0,60
35.0;115.0;120.0,60
80.0;110.0;145.0,60
80.0;90.0;150.0,60
15.0;110.0;110.0,60
45.0;150.0;155.0,60
60.0;105.0;120.0,60
85.0;90.0;150.0,60
80.0;95.0;135.0,60
50.0;70.0;70.0,60
50.0;130.0;145.0,60
30.0;130.0;140.0,60
70.0;110.0;125.0,60
80.0;100.0;160.0,60
45.0;110.0;140.0,60
85.0;95.0;170.0,60
105.0;110.0;125.0,60
70.0;115.0;150.0,60
55.0;55.0;90.0,60
45.0;120.0;125.0,60
90.0;95.0;130.0,60
15.0;145.0;155.0,60
75.0;85.0;100.0,59
85.0;95.0;105.0,59
105.0;105.0;150.0,59
25.0;125.0;140.0,59
30.0;30.0;50.0,59
5.0;90.0;95.0,59
50.0;120.0;150.0,59
70.0;105.0;155.0,59
25.0;135.0;140.0,59
20.0;90.0;90.0,59
25.0;70.0;70.0,59
20.0;135.0;140.0,59
20.0;65.0;65.0,59
70.0;120.0;125.0,59
70.0;100.0;145.0,59
45.0;45.0;75.0,59
50.0;115.0;120.0,59
35.0;115.0;115.0,59
45.0;130.0;170.0,59
85.0;105.0;145.0,59
15.0;150.0;165.0,59
80.0;110.0;125.0,59
80.0;100.0;120.0,58
85.0;100.0;175.0,58
55.0;140.0;155.0,58
80.0;120.0;125.0,58
35.0;135.0;170.0,58
85.0;105.0;125.0,58
20.0;140.0;150.0,58
5.0;70.0;75.0,58
50.0;150.0;155.0,58
55.0;150.0;155.0,58
55.0;145.0;155.0,58
55.0;125.0;165.0,58
25.0;125.0;135.0,58
70.0;105.0;150.0,58
40.0;130.0;160.0,58
20.0;145.0;165.0,58
45.0;130.0;160.0,58
40.0;130.0;135.0,58
10.0;35.0;35.0,58
90.0;100.0;155.0,58
85.0;115.0;150.0,58
65.0;110.0;155.0,58
75.0;95.0;110.0,58
60.0;130.0;160.0,58
20.0;140.0;145.0,58
40.0;135.0;150.0,58
65.0;120.0;155.0,58
50.0;50.0;70.0,58
110.0;110.0;135.0,58
45.0;140.0;155.0,58
85.0;100.0;125.0,58
60.0;125.0;140.0,58
100.0;110.0;120.0,58
80.0;115.0;140.0,58
35.0;35.0;55.0,58
80.0;80.0;155.0,58
80.0;100.0;145.0,58
80.0;95.0;130.0,58
80.0;100.0;125.0,58
65.0;135.0;145.0,58
20.0;70.0;70.0,57
60.0;120.0;135.0,57
70.0;120.0;150.0,57
55.0;55.0;75.0,57
60.0;120.0;130.0,57
60.0;125.0;135.0,57
60.0;125.0;130.0,57
40.0;150.0;165.0,57
25.0;135.0;145.0,57
25.0;25.0;45.0,57
75.0;100.0;160.0,57
70.0;80.0;90.0,57
65.0;65.0;115.0,57
65.0;110.0;135.0,57
65.0;115.0;170.0,57
85.0;95.0;110.0,57
65.0;135.0;140.0,57
50.0;115.0;140.0,57
95.0;105.0;115.0,57
85.0;90.0;125.0,57
80.0;90.0;145.0,57
60.0;130.0;155.0,57
65.0;100.0;110.0,57
45.0;45.0;50.0,57
50.0;55.0;55.0,57
55.0;110.0;155.0,57
65.0;100.0;150.0,57
15.0;90.0;90.0,57
80.0;100.0;150.0,57
65.0;105.0;140.0,57
75.0;100.0;150.0,57
10.0;55.0;55.0,57
45.0;125.0;130.0,57
50.0;135.0;150.0,57
60.0;140.0;145.0,57
30.0;130.0;145.0,57
55.0;115.0;145.0,57
55.0;125.0;170.0,56
55.0;125.0;130.0,56
35.0;130.0;145.0,56
75.0;115.0;155.0,56
35.0;35.0;45.0,56
40.0;125.0;155.0,56
60.0;75.0;75.0,56
85.0;95.0;125.0,56
45.0;130.0;165.0,56
65.0;105.0;135.0,56
60.0;105.0;125.0,56
60.0;135.0;155.0,56
10.0;145.0;150.0,56
95.0;110.0;120.0,56
40.0;140.0;145.0,56
75.0;100.0;155.0,56
60.0;130.0;145.0,56
90.0;100.0;135.0,56
75.0;110.0;170.0,56
60.0;120.0;160.0,56
70.0;120.0;140.0,56
65.0;125.0;145.0,56
95.0;100.0;125.0,56
40.0;70.0;70.0,56
5.0;45.0;50.0,56
60.0;85.0;85.0,56
15.0;15.0;25.0,55
85.0;90.0;140.0,55
10.0;20.0;25.0,55
80.0;95.0;125.0,55
15.0;120.0;120.0,55
45.0;75.0;75.0,55
60.0;135.0;145.0,55
40.0;125.0;140.0,55
65.0;80.0;90.0,55
25.0;145.0;165.0,55
55.0;115.0;130.0,55
75.0;110.0;175.0,55
65.0;110.0;175.0,55
105.0;110.0;115.0,55
60.0;125.0;165.0,55
50.0;135.0;140.0,55
90.0;95.0;120.0,55
65.0;115.0;155.0,55
50.0;130.0;150.0,55
45.0;135.0;150.0,55
70.0;105.0;135.0,55
85.0;105.0;160.0,55
75.0;110.0;115.0,55
30.0;140.0;170.0,55
25.0;100.0;100.0,55
90.0;95.0;140.0,55
35.0;70.0;70.0,55
60.0;130.0;140.0,55
50.0;80.0;80.0,55
35.0;130.0;155.0,55
55.0;135.0;145.0,55
55.0;130.0;150.0,55
35.0;80.0;80.0,55
10.0;150.0;160.0,55
30.0;45.0;45.0,55
50.0;130.0;140.0,55
75.0;115.0;125.0,55
45.0;125.0;145.0,54
40.0;125.0;145.0,54
55.0;135.0;170.0,54
35.0;55.0;55.0,54
40.0;130.0;170.0,54
75.0;120.0;125.0,54
15.0;150.0;160.0,54
55.0;75.0;75.0,54
25.0;45.0;45.0,54
55.0;125.0;150.0,54
25.0;130.0;145.0,54
55.0;135.0;160.0,54
90.0;95.0;150.0,54
60.0;120.0;150.0,54
35.0;145.0;165.0,54
90.0;95.0;155.0,54
85.0;100.0;160.0,54
10.0;125.0;125.0,54
30.0;135.0;155.0,54
100.0;105.0;125.0,54
50.0;50.0;80.0,54
35.0;135.0;140.0,54
40.0;80.0;80.0,54
45.0;100.0;100.0,54
100.0;115.0;130.0,54
45.0;125.0;170.0,54
75.0;125.0;140.0,54
50.0;115.0;155.0,54
25.0;85.0;85.0,53
70.0;130.0;145.0,53
25.0;25.0;35.0,53
65.0;130.0;140.0,53
5.0;40.0;45.0,53
60.0;120.0;155.0,53
70.0;130.0;140.0,53
115.0;115.0;130.0,53
75.0;110.0;160.0,53
55.0;125.0;135.0,53
40.0;120.0;125.0,53
80.0;95.0;175.0,53
95.0;105.0;140.0,53
40.0;155.0;165.0,53
35.0;140.0;170.0,53
55.0;120.0;150.0,53
10.0;65.0;65.0,53
45.0;110.0;130.0,53
20.0;45.0;45.0,53
75.0;100.0;175.0,52
50.0;50.0;55.0,52
50.0;130.0;175.0,52
55.0;130.0;145.0,52
55.0;130.0;160.0,52
55.0;130.0;135.0,52
30.0;135.0;150.0,52
75.0;105.0;105.0,52
5.0;75.0;75.0,52
5.0;30.0;35.0,52
30.0;130.0;135.0,52
5.0;120.0;125.0,52
110.0;125.0;125.0,52
65.0;105.0;105.0,52
45.0;120.0;140.0,52
85.0;95.0;140.0,52
40.0;145.0;165.0,52
35.0;150.0;165.0,52
75.0;120.0;135.0,52
65.0;115.0;160.0,52
85.0;100.0;150.0,52
65.0;115.0;150.0,52
80.0;95.0;155.0,52
45.0;140.0;150.0,52
35.0;140.0;160.0,52
75.0;100.0;140.0,52
90.0;95.0;175.0,52
55.0;140.0;165.0,52
10.0;70.0;70.0,52
30.0;140.0;150.0,52
35.0;135.0;155.0,52
40.0;135.0;140.0,52
60.0;115.0;150.0,52
80.0;105.0;130.0,52
80.0;110.0;140.0,52
80.0;80.0;110.0,52
15.0;125.0;125.0,52
115.0;115.0;120.0,52
55.0;125.0;160.0,51
10.0;85.0;85.0,51
45.0;130.0;155.0,51
15.0;135.0;135.0,51
85.0;135.0;135.0,51
55.0;130.0;140.0,51
75.0;75.0;140.0,51
40.0;145.0;175.0,51
40.0;145.0;150.0,51
35.0;160.0;165.0,51
5.0;55.0;55.0,51
30.0;65.0;65.0,51
45.0;130.0;150.0,51
60.0;125.0;150.0,51
65.0;110.0;160.0,51
60.0;125.0;145.0,51
50.0;125.0;155.0,51
10.0;150.0;155.0,51
55.0;55.0;95.0,51
10.0;115.0;115.0,51
70.0;70.0;75.0,51
65.0;125.0;140.0,51
25.0;95.0;95.0,51
65.0;105.0;155.0,51
85.0;100.0;140.0,51
35.0;140.0;145.0,51
30.0;140.0;145.0,51
75.0;90.0;90.0,51
45.0;150.0;165.0,51
35.0;75.0;75.0,51
50.0;140.0;145.0,51
70.0;105.0;165.0,51
50.0;130.0;135.0,51
10.0;95.0;95.0,51
30.0;125.0;125.0,51
5.0;90.0;90.0,51
70.0;115.0;155.0,51
55.0;55.0;70.0,51
80.0;105.0;155.0,50
30.0;30.0;35.0,50
30.0;75.0;75.0,50
10.0;30.0;30.0,50
55.0;95.0;95.0,50
40.0;140.0;150.0,50
5.0;100.0;105.0,50
25.0;110.0;110.0,50
40.0;40.0;70.0,50
25.0;35.0;35.0,50
15.0;160.0;165.0,50
65.0;115.0;145.0,50
65.0;65.0;120.0,50
25.0;160.0;170.0,50
55.0;125.0;175.0,50
45.0;140.0;170.0,50
25.0;150.0;170.0,50
20.0;35.0;35.0,50
65.0;120.0;130.0,50
40.0;40.0;60.0,50
95.0;100.0;155.0,50
30.0;140.0;155.0,50
55.0;135.0;155.0,50
55.0;55.0;65.0,50
15.0;30.0;30.0,49
45.0;80.0;80.0,49
55.0;120.0;140.0,49
20.0;105.0;105.0,49
50.0;125.0;135.0,49
65.0;95.0;110.0,49
60.0;115.0;175.0,49
30.0;140.0;160.0,49
70.0;70.0;105.0,49
55.0;80.0;80.0,49
30.0;105.0;105.0,49
80.0;140.0;140.0,49
10.0;50.0;50.0,49
15.0;45.0;45.0,49
10.0;130.0;130.0,49
45.0;85.0;85.0,49
55.0;125.0;145.0,49
45.0;125.0;155.0,49
5.0;115.0;120.0,48
45.0;155.0;160.0,48
35.0;35.0;50.0,48
50.0;130.0;170.0,48
30.0;60.0;60.0,48
45.0;125.0;150.0,48
20.0;110.0;110.0,48
15.0;145.0;160.0,48
5.0;35.0;35.0,48
40.0;125.0;135.0,48
110.0;110.0;130.0,48
60.0;125.0;160.0,48
50.0;135.0;160.0,48
30.0;145.0;150.0,48
85.0;95.0;155.0,48
30.0;50.0;50.0,48
40.0;130.0;150.0,48
80.0;105.0;140.0,48
50.0;50.0;65.0,48
70.0;70.0;90.0,48
35.0;155.0;165.0,48
75.0;120.0;140.0,48
20.0;145.0;150.0,48
10.0;100.0;100.0,48
40.0;40.0;65.0,48
5.0;135.0;140.0,48
10.0;10.0;20.0,48
65.0;110.0;125.0,48
25.0;80.0;80.0,47
40.0;135.0;175.0,47
55.0;130.0;175.0,47
35.0;140.0;150.0,47
50.0;135.0;145.0,47
50.0;130.0;160.0,47
75.0;75.0;130.0,47
20.0;160.0;175.0,47
35.0;145.0;150.0,47
40.0;125.0;150.0,47
35.0;95.0;95.0,47
60.0;65.0;65.0,47
65.0;65.0;85.0,47
55.0;120.0;120.0,47
20.0;150.0;170.0,47
50.0;135.0;155.0,47
15.0;15.0;20.0,47
20.0;100.0;100.0,47
40.0;140.0;175.0,47
40.0;50.0;50.0,47
15.0;140.0;145.0,47
45.0;55.0;55.0,47
10.0;45.0;45.0,47
35.0;150.0;170.0,47
30.0;35.0;35.0,47
60.0;60.0;75.0,47
45.0;145.0;150.0,47
60.0;60.0;80.0,47
45.0;45.0;55.0,47
30.0;100.0;100.0,46
80.0;105.0;175.0,46
80.0;80.0;115.0,46
95.0;100.0;140.0,46
75.0;75.0;110.0,46
45.0;45.0;60.0,46
55.0;120.0;155.0,46
20.0;60.0;60.0,46
65.0;120.0;150.0,46
45.0;65.0;65.0,46
75.0;115.0;160.0,46
20.0;145.0;155.0,46
40.0;150.0;170.0,46
65.0;110.0;150.0,46
65.0;130.0;145.0,46
30.0;150.0;155.0,46
55.0;55.0;60.0,46
30.0;80.0;80.0,46
45.0;130.0;145.0,46
90.0;90.0;115.0,46
105.0;105.0;135.0,46
5.0;95.0;95.0,46
50.0;145.0;155.0,46
25.0;55.0;55.0,46
70.0;90.0;90.0,46
50.0;125.0;160.0,46
80.0;80.0;145.0,45
25.0;140.0;145.0,45
55.0;55.0;80.0,45
35.0;145.0;170.0,45
85.0;120.0;140.0,45
45.0;110.0;110.0,45
35.0;140.0;165.0,45
25.0;150.0;165.0,45
60.0;60.0;90.0,45
75.0;75.0;100.0,45
75.0;75.0;125.0,45
30.0;145.0;155.0,45
25.0;140.0;155.0,45
90.0;90.0;120.0,45
70.0;70.0;85.0,45
45.0;130.0;140.0,45
30.0;160.0;165.0,45
85.0;120.0;120.0,45
40.0;135.0;145.0,45
60.0;60.0;105.0,45
105.0;115.0;115.0,45
70.0;100.0;100.0,45
20.0;135.0;135.0,45
100.0;100.0;155.0,45
20.0;125.0;125.0,45
55.0;120.0;145.0,44
55.0;120.0;175.0,44
75.0;75.0;135.0,44
20.0;155.0;170.0,44
105.0;120.0;120.0,44
45.0;45.0;70.0,44
95.0;125.0;125.0,44
75.0;75.0;120.0,44
100.0;100.0;130.0,44
10.0;110.0;110.0,44
20.0;95.0;95.0,44
40.0;155.0;160.0,44
80.0;80.0;160.0,44
65.0;125.0;160.0,44
95.0;95.0;110.0,44
40.0;110.0;110.0,44
80.0;80.0;140.0,44
30.0;150.0;160.0,44
35.0;85.0;85.0,44
20.0;150.0;155.0,44
45.0;130.0;175.0,44
75.0;140.0;140.0,44
75.0;75.0;85.0,44
75.0;85.0;85.0,44
15.0;160.0;170.0,44
45.0;95.0;95.0,44
80.0;135.0;135.0,44
55.0;140.0;145.0,44
30.0;70.0;70.0,44
15.0;35.0;35.0,44
40.0;140.0;170.0,44
70.0;120.0;120.0,44
50.0;90.0;90.0,44
45.0;60.0;60.0,44
40.0;40.0;55.0,44
55.0;125.0;155.0,44
50.0;135.0;175.0,43
50.0;85.0;85.0,43
50.0;75.0;75.0,43
30.0;95.0;95.0,43
50.0;140.0;150.0,43
35.0;50.0;50.0,43
20.0;160.0;165.0,43
80.0;80.0;105.0,43
40.0;135.0;160.0,43
45.0;140.0;165.0,43
35.0;65.0;65.0,43
90.0;130.0;130.0,43
90.0;90.0;170.0,43
60.0;115.0;155.0,43
80.0;105.0;105.0,43
40.0;140.0;155.0,43
70.0;145.0;145.0,43
55.0;55.0;85.0,43
90.0;125.0;125.0,43
10.0;155.0;165.0,43
80.0;80.0;135.0,43
65.0;65.0;105.0,43
85.0;85.0;90.0,43
65.0;115.0;115.0,43
25.0;105.0;105.0,42
50.0;95.0;95.0,42
20.0;150.0;160.0,42
65.0;120.0;175.0,42
35.0;60.0;60.0,42
80.0;80.0;130.0,42
60.0;60.0;65.0,42
100.0;100.0;160.0,42
70.0;70.0;110.0,42
45.0;145.0;160.0,42
20.0;115.0;115.0,42
35.0;145.0;175.0,42
30.0;150.0;175.0,42
80.0;80.0;125.0,42
70.0;120.0;155.0,42
15.0;155.0;165.0,42
75.0;115.0;115.0,42
45.0;130.0;135.0,42
80.0;90.0;90.0,42
25.0;60.0;60.0,42
15.0;25.0;25.0,41
35.0;120.0;120.0,41
5.0;120.0;120.0,41
45.0;70.0;70.0,41
40.0;150.0;160.0,41
85.0;85.0;140.0,41
5.0;140.0;145.0,41
65.0;110.0;110.0,41
40.0;65.0;65.0,41
75.0;95.0;95.0,41
110.0;110.0;115.0,41
65.0;65.0;80.0,41
65.0;65.0;110.0,41
45.0;50.0;50.0,41
70.0;140.0;140.0,41
110.0;110.0;125.0,41
70.0;95.0;95.0,41
10.0;15.0;15.0,41
70.0;70.0;125.0,41
70.0;130.0;130.0,41
105.0;105.0;130.0,41
55.0;70.0;70.0,41
55.0;100.0;100.0,41
40.0;45.0;45.0,41
35.0;45.0;45.0,41
75.0;75.0;95.0,41
55.0;85.0;85.0,41
65.0;125.0;125.0,41
85.0;85.0;170.0,40
75.0;135.0;135.0,40
25.0;50.0;50.0,40
25.0;30.0;30.0,40
5.0;110.0;110.0,40
70.0;70.0;120.0,40
5.0;25.0;30.0,40
90.0;90.0;135.0,40
50.0;110.0;110.0,40
95.0;95.0;165.0,40
5.0;50.0;50.0,40
65.0;65.0;100.0,40
20.0;120.0;120.0,40
65.0;90.0;90.0,40
40.0;135.0;155.0,40
45.0;135.0;155.0,40
20.0;130.0;130.0,40
20.0;40.0;40.0,40
10.0;20.0;20.0,40
40.0;140.0;165.0,40
65.0;85.0;85.0,40
70.0;80.0;80.0,40
70.0;70.0;100.0,40
80.0;80.0;90.0,40
100.0;125.0;125.0,40
70.0;70.0;95.0,40
60.0;115.0;115.0,40
35.0;105.0;105.0,40
45.0;45.0;65.0,40
55.0;110.0;110.0,40
80.0;80.0;85.0,40
10.0;40.0;40.0,40
80.0;80.0;150.0,40
65.0;120.0;140.0,40
30.0;145.0;165.0,40
90.0;110.0;110.0,40
50.0;145.0;150.0,40
35.0;110.0;110.0,40
50.0;140.0;155.0,40
60.0;60.0;70.0,40
65.0;75.0;75.0,40
5.0;20.0;25.0,39
40.0;100.0;100.0,39
45.0;140.0;160.0,39
85.0;85.0;100.0,39
105.0;105.0;145.0,39
105.0;105.0;125.0,39
10.0;120.0;120.0,39
70.0;100.0;160.0,39
90.0;90.0;175.0,39
60.0;60.0;95.0,39
65.0;65.0;70.0,39
65.0;120.0;145.0,39
30.0;85.0;85.0,39
60.0;125.0;175.0,39
110.0;120.0;120.0,39
95.0;105.0;105.0,39
50.0;65.0;65.0,39
60.0;105.0;105.0,39
15.0;155.0;160.0,39
30.0;120.0;120.0,39
50.0;140.0;165.0,39
45.0;105.0;105.0,39
55.0;125.0;140.0,39
80.0;125.0;125.0,39
75.0;75.0;115.0,39
40.0;40.0;45.0,39
100.0;110.0;110.0,39
85.0;85.0;110.0,39
60.0;80.0;80.0,39
100.0;100.0;110.0,39
60.0;150.0;150.0,39
25.0;140.0;150.0,39
15.0;155.0;170.0,39
5.0;60.0;60.0,38
70.0;75.0;75.0,38
75.0;105.0;155.0,38
75.0;75.0;105.0,38
40.0;145.0;160.0,38
65.0;120.0;160.0,38
45.0;140.0;175.0,38
85.0;100.0;155.0,38
55.0;135.0;150.0,38
90.0;90.0;125.0,38
65.0;65.0;95.0,38
30.0;155.0;160.0,38
95.0;95.0;170.0,38
85.0;110.0;110.0,38
25.0;130.0;130.0,38
50.0;125.0;175.0,38
55.0;105.0;105.0,38
60.0;135.0;135.0,38
100.0;100.0;150.0,38
70.0;70.0;115.0,38
55.0;65.0;65.0,38
55.0;90.0;90.0,38
30.0;150.0;170.0,38
30.0;40.0;40.0,38
35.0;100.0;100.0,38
25.0;90.0;90.0,38
30.0;150.0;165.0,38
10.0;160.0;165.0,38
5.0;40.0;40.0,38
15.0;150.0;155.0,37
30.0;30.0;40.0,37
90.0;120.0;120.0,37
5.0;125.0;130.0,37
65.0;70.0;70.0,37
30.0;155.0;165.0,37
25.0;145.0;155.0,37
50.0;60.0;60.0,37
65.0;65.0;75.0,37
40.0;145.0;155.0,37
45.0;155.0;155.0,37
100.0;105.0;105.0,37
105.0;105.0;110.0,37
100.0;120.0;120.0,37
85.0;85.0;150.0,37
45.0;120.0;120.0,37
60.0;95.0;95.0,37
80.0;120.0;120.0,37
45.0;90.0;90.0,37
95.0;95.0;100.0,37
100.0;100.0;140.0,37
50.0;100.0;100.0,37
40.0;75.0;75.0,37
65.0;80.0;80.0,37
70.0;70.0;80.0,37
30.0;145.0;175.0,36
80.0;85.0;85.0,36
40.0;160.0;160.0,36
70.0;85.0;85.0,36
50.0;50.0;60.0,36
5.0;65.0;65.0,36
85.0;90.0;90.0,36
95.0;110.0;110.0,36
95.0;95.0;140.0,36
35.0;130.0;130.0,36
90.0;90.0;165.0,36
60.0;60.0;85.0,36
45.0;140.0;145.0,36
95.0;95.0;115.0,36
45.0;130.0;130.0,36
45.0;145.0;155.0,36
110.0;110.0;120.0,36
90.0;90.0;100.0,36
60.0;70.0;70.0,36
80.0;80.0;100.0,36
65.0;100.0;100.0,36
15.0;165.0;170.0,36
25.0;155.0;165.0,36
30.0;115.0;115.0,36
35.0;145.0;160.0,35
80.0;115.0;115.0,35
85.0;105.0;105.0,35
85.0;85.0;130.0,35
25.0;120.0;120.0,35
5.0;105.0;105.0,35
95.0;120.0;120.0,35
5.0;45.0;45.0,35
40.0;60.0;60.0,35
35.0;35.0;40.0,35
25.0;160.0;175.0,35
40.0;140.0;160.0,35
5.0;130.0;135.0,35
5.0;115.0;115.0,35
75.0;75.0;80.0,35
40.0;125.0;125.0,35
30.0;145.0;160.0,35
45.0;135.0;145.0,35
85.0;130.0;130.0,35
50.0;120.0;120.0,35
50.0;140.0;160.0,35
90.0;90.0;105.0,35
15.0;145.0;145.0,35
85.0;100.0;100.0,35
85.0;85.0;155.0,35
85.0;85.0;115.0,35
105.0;105.0;115.0,35
25.0;25.0;40.0,35
60.0;140.0;140.0,35
80.0;110.0;110.0,35
45.0;135.0;160.0,35
90.0;90.0;155.0,35
75.0;130.0;130.0,34
105.0;105.0;140.0,34
75.0;110.0;110.0,34
75.0;75.0;90.0,34
25.0;145.0;160.0,34
95.0;100.0;100.0,34
30.0;110.0;110.0,34
25.0;75.0;75.0,34
15.0;130.0;130.0,34
75.0;80.0;80.0,34
35.0;150.0;175.0,34
100.0;115.0;115.0,34
20.0;145.0;145.0,34
25.0;65.0;65.0,34
20.0;155.0;165.0,34
40.0;55.0;55.0,34
25.0;145.0;170.0,34
85.0;85.0;120.0,34
50.0;155.0;155.0,34
5.0;70.0;70.0,33
25.0;25.0;30.0,33
85.0;85.0;95.0,33
95.0;95.0;135.0,33
20.0;25.0;25.0,33
55.0;150.0;150.0,33
30.0;30.0;45.0,33
70.0;110.0;110.0,33
65.0;120.0;120.0,33
20.0;165.0;170.0,33
70.0;115.0;115.0,33
65.0;135.0;135.0,33
35.0;40.0;40.0,33
50.0;105.0;105.0,33
90.0;95.0;95.0,33
65.0;65.0;90.0,33
100.0;100.0;105.0,33
55.0;135.0;135.0,33
70.0;105.0;105.0,33
5.0;15.0;15.0,33
40.0;85.0;85.0,32
40.0;120.0;120.0,32
5.0;125.0;125.0,32
90.0;90.0;160.0,32
35.0;140.0;175.0,32
40.0;115.0;115.0,32
45.0;115.0;115.0,32
10.0;155.0;160.0,32
20.0;155.0;160.0,32
60.0;120.0;120.0,32
65.0;140.0;140.0,32
85.0;85.0;105.0,32
95.0;95.0;125.0,32
20.0;160.0;170.0,32
55.0;130.0;130.0,32
30.0;155.0;170.0,31
60.0;100.0;100.0,31
105.0;110.0;110.0,31
35.0;150.0;160.0,31
10.0;25.0;25.0,31
35.0;155.0;170.0,31
15.0;20.0;20.0,31
65.0;95.0;95.0,31
35.0;140.0;155.0,31
85.0;125.0;125.0,31
35.0;145.0;155.0,31
40.0;105.0;105.0,31
90.0;105.0;105.0,31
90.0;90.0;95.0,31
120.0;120.0;120.0,31
25.0;135.0;135.0,31
90.0;90.0;145.0,31
15.0;170.0;175.0,30
55.0;125.0;125.0,30
40.0;150.0;155.0,30
50.0;125.0;125.0,30
35.0;160.0;160.0,30
20.0;150.0;150.0,30
70.0;125.0;125.0,30
30.0;160.0;170.0,30
85.0;85.0;160.0,30
40.0;95.0;95.0,30
20.0;155.0;175.0,30
90.0;90.0;150.0,30
100.0;100.0;115.0,30
105.0;105.0;120.0,30
90.0;90.0;130.0,30
95.0;95.0;120.0,30
45.0;135.0;135.0,30
30.0;140.0;140.0,30
85.0;85.0;135.0,30
5.0;80.0;80.0,30
35.0;125.0;125.0,30
55.0;115.0;115.0,30
100.0;100.0;145.0,29
20.0;140.0;140.0,29
40.0;40.0;50.0,29
5.0;100.0;100.0,29
95.0;95.0;160.0,29
25.0;145.0;150.0,29
15.0;165.0;175.0,29
60.0;90.0;90.0,29
95.0;95.0;150.0,29
95.0;95.0;130.0,29
85.0;95.0;95.0,29
30.0;135.0;135.0,29
60.0;145.0;145.0,29
80.0;100.0;100.0,29
110.0;115.0;115.0,29
60.0;130.0;130.0,29
75.0;125.0;125.0,29
25.0;145.0;145.0,29
60.0;110.0;110.0,29
5.0;140.0;140.0,29
10.0;140.0;140.0,29
25.0;150.0;155.0,29
45.0;125.0;125.0,29
50.0;130.0;130.0,28
5.0;20.0;20.0,28
25.0;150.0;175.0,28
25.0;40.0;40.0,28
25.0;165.0;165.0,28
35.0;135.0;135.0,28
80.0;80.0;95.0,28
50.0;135.0;135.0,28
45.0;150.0;150.0,28
35.0;155.0;160.0,28
25.0;115.0;115.0,28
25.0;125.0;125.0,28
10.0;160.0;170.0,28
50.0;115.0;115.0,28
55.0;140.0;140.0,28
25.0;155.0;170.0,28
20.0;20.0;25.0,27
40.0;90.0;90.0,27
55.0;145.0;145.0,27
45.0;145.0;145.0,27
95.0;115.0;115.0,27
90.0;90.0;110.0,27
50.0;145.0;145.0,27
15.0;140.0;140.0,27
100.0;100.0;120.0,27
30.0;130.0;130.0,27
60.0;125.0;125.0,27
30.0;145.0;145.0,27
35.0;140.0;140.0,27
65.0;130.0;130.0,26
25.0;160.0;165.0,26
5.0;130.0;130.0,26
100.0;100.0;125.0,26
50.0;150.0;150.0,26
5.0;135.0;135.0,26
30.0;150.0;150.0,26
85.0;85.0;145.0,26
5.0;145.0;150.0,26
25.0;155.0;160.0,26
90.0;100.0;100.0,25
15.0;160.0;175.0,25
15.0;160.0;160.0,25
35.0;155.0;155.0,25
35.0;150.0;155.0,25
5.0;25.0;25.0,25
95.0;95.0;105.0,25
80.0;80.0;120.0,25
80.0;130.0;130.0,25
40.0;130.0;130.0,24
10.0;135.0;135.0,24
80.0;95.0;95.0,24
35.0;60.0;100.0,24
55.0;60.0;120.0,24
15.0;150.0;150.0,24
35.0;145.0;145.0,24
95.0;95.0;145.0,24
0.0;80.0;80.0,24
30.0;80.0;115.0,24
5.0;10.0;15.0,23
5.0;160.0;165.0,23
25.0;150.0;160.0,23
20.0;30.0;30.0,23
80.0;100.0;180.0,23
40.0;140.0;140.0,23
10.0;150.0;150.0,23
90.0;90.0;140.0,23
75.0;100.0;100.0,23
35.0;55.0;95.0,23
35.0;40.0;80.0,23
70.0;135.0;135.0,23
5.0;30.0;30.0,22
15.0;165.0;165.0,22
5.0;150.0;150.0,22
85.0;115.0;115.0,22
10.0;165.0;175.0,22
30.0;100.0;135.0,22
10.0;165.0;170.0,22
75.0;120.0;120.0,22
15.0;90.0;110.0,22
45.0;140.0;140.0,22
55.0;65.0;125.0,22
45.0;50.0;100.0,22
30.0;45.0;80.0,22
10.0;10.0;15.0,22
40.0;60.0;105.0,22
15.0;50.0;70.0,22
85.0;85.0;125.0,21
100.0;100.0;135.0,21
25.0;25.0;25.0,21
30.0;65.0;100.0,21
30.0;55.0;90.0,21
45.0;65.0;115.0,21
10.0;155.0;155.0,21
25.0;30.0;60.0,21
90.0;115.0;115.0,21
50.0;140.0;140.0,21
85.0;135.0;145.0,20
20.0;160.0;160.0,20
30.0;155.0;175.0,20
25.0;165.0;170.0,20
10.0;45.0;60.0,20
20.0;165.0;175.0,20
45.0;55.0;105.0,20
30.0;75.0;110.0,20
95.0;95.0;155.0,20
35.0;150.0;150.0,20
25.0;155.0;175.0,20
15.0;100.0;120.0,20
115.0;115.0;115.0,20
5.0;150.0;155.0,20
30.0;60.0;95.0,20
35.0;65.0;105.0,19
75.0;105.0;180.0,19
30.0;160.0;160.0,19
25.0;50.0;80.0,19
25.0;140.0;140.0,19
5.0;145.0;145.0,19
55.0;100.0;160.0,19
50.0;65.0;120.0,19
10.0;80.0;95.0,19
10.0;145.0;145.0,19
75.0;75.0;75.0,18
35.0;50.0;90.0,18
65.0;115.0;180.0,18
50.0;130.0;180.0,18
70.0;110.0;180.0,18
15.0;45.0;65.0,18
15.0;65.0;85.0,18
20.0;80.0;105.0,18
35.0;100.0;140.0,18
10.0;90.0;105.0,18
20.0;165.0;165.0,18
30.0;40.0;75.0,18
40.0;65.0;110.0,18
55.0;55.0;55.0,18
40.0;135.0;135.0,18
20.0;70.0;95.0,17
35.0;35.0;35.0,17
45.0;60.0;110.0,17
55.0;125.0;180.0,17
0.0;105.0;105.0,17
50.0;70.0;125.0,17
35.0;45.0;85.0,17
30.0;35.0;70.0,17
40.0;90.0;135.0,17
10.0;95.0;110.0,17
10.0;65.0;80.0,17
45.0;75.0;125.0,17
10.0;50.0;65.0,17
35.0;80.0;120.0,17
15.0;80.0;100.0,17
15.0;55.0;75.0,17
20.0;75.0;100.0,17
10.0;30.0;45.0,17
50.0;50.0;105.0,17
20.0;90.0;115.0,17
85.0;85.0;85.0,17
50.0;75.0;130.0,16
25.0;150.0;150.0,16
40.0;75.0;120.0,16
5.0;10.0;10.0,16
20.0;35.0;60.0,16
15.0;60.0;80.0,16
50.0;50.0;50.0,16
40.0;55.0;100.0,16
35.0;75.0;115.0,16
40.0;50.0;95.0,16
20.0;50.0;75.0,16
25.0;45.0;75.0,16
80.0;80.0;80.0,16
35.0;85.0;125.0,16
25.0;55.0;85.0,16
0.0;55.0;55.0,16
25.0;60.0;90.0,16
0.0;45.0;45.0,16
45.0;70.0;120.0,16
40.0;155.0;155.0,16
60.0;80.0;145.0,15
50.0;80.0;135.0,15
15.0;120.0;140.0,15
35.0;70.0;110.0,15
15.0;30.0;50.0,15
10.0;75.0;90.0,15
45.0;135.0;180.0,15
85.0;95.0;180.0,15
25.0;160.0;160.0,15
50.0;90.0;145.0,15
40.0;145.0;145.0,15
40.0;40.0;40.0,15
35.0;90.0;130.0,15
45.0;95.0;145.0,15
95.0;125.0;145.0,15
70.0;135.0;160.0,15
60.0;120.0;180.0,15
10.0;15.0;30.0,15
45.0;80.0;130.0,15
30.0;30.0;30.0,15
10.0;130.0;145.0,15
30.0;165.0;165.0,15
20.0;155.0;155.0,15
0.0;125.0;125.0,15
30.0;70.0;105.0,14
30.0;155.0;155.0,14
15.0;130.0;150.0,14
30.0;150.0;180.0,14
40.0;150.0;150.0,14
25.0;90.0;120.0,14
20.0;95.0;120.0,14
50.0;60.0;115.0,14
65.0;70.0;140.0,14
15.0;75.0;95.0,14
25.0;155.0;155.0,14
30.0;90.0;125.0,14
85.0;120.0;160.0,14
5.0;165.0;170.0,14
35.0;95.0;135.0,14
40.0;70.0;115.0,14
15.0;155.0;155.0,14
25.0;65.0;95.0,14
115.0;120.0;130.0,14
0.0;75.0;75.0,14
0.0;90.0;90.0,14
15.0;165.0;180.0,14
20.0;30.0;55.0,13
50.0;55.0;110.0,13
40.0;140.0;180.0,13
0.0;50.0;50.0,13
95.0;95.0;95.0,13
10.0;70.0;85.0,13
20.0;60.0;85.0,13
60.0;85.0;150.0,13
100.0;120.0;145.0,13
40.0;95.0;140.0,13
15.0;15.0;15.0,13
20.0;45.0;70.0,13
25.0;35.0;65.0,13
5.0;155.0;160.0,13
55.0;85.0;145.0,13
30.0;105.0;140.0,13
60.0;75.0;140.0,13
55.0;80.0;140.0,13
25.0;70.0;100.0,13
5.0;160.0;160.0,13
0.0;115.0;115.0,13
100.0;130.0;135.0,13
0.0;65.0;65.0,13
15.0;105.0;125.0,13
0.0;85.0;85.0,13
0.0;70.0;70.0,13
105.0;120.0;140.0,12
30.0;130.0;165.0,12
30.0;95.0;130.0,12
10.0;160.0;160.0,12
65.0;65.0;65.0,12
50.0;95.0;150.0,12
75.0;135.0;155.0,12
60.0;60.0;60.0,12
20.0;55.0;80.0,12
10.0;35.0;50.0,12
110.0;125.0;130.0,12
105.0;110.0;150.0,12
60.0;145.0;160.0,12
10.0;170.0;175.0,12
45.0;85.0;135.0,12
25.0;80.0;110.0,12
70.0;70.0;70.0,12
25.0;100.0;130.0,12
15.0;110.0;130.0,12
55.0;75.0;135.0,12
30.0;85.0;120.0,12
90.0;130.0;145.0,12
10.0;85.0;100.0,12
0.0;35.0;35.0,12
90.0;125.0;150.0,12
30.0;50.0;85.0,12
40.0;40.0;85.0,11
60.0;70.0;135.0,11
5.0;155.0;155.0,11
45.0;90.0;140.0,11
0.0;110.0;110.0,11
75.0;90.0;170.0,11
40.0;80.0;125.0,11
55.0;90.0;150.0,11
10.0;165.0;165.0,11
20.0;170.0;170.0,11
10.0;60.0;75.0,11
30.0;110.0;145.0,11
90.0;135.0;140.0,11
80.0;85.0;170.0,11
20.0;20.0;20.0,11
60.0;140.0;165.0,11
0.0;60.0;60.0,11
45.0;100.0;150.0,11
30.0;30.0;65.0,11
65.0;80.0;150.0,11
0.0;100.0;100.0,11
85.0;115.0;165.0,11
25.0;40.0;70.0,11
30.0;125.0;160.0,11
40.0;85.0;130.0,10
25.0;75.0;105.0,10
20.0;85.0;110.0,10
20.0;160.0;180.0,10
0.0;30.0;30.0,10
20.0;115.0;140.0,10
0.0;135.0;135.0,10
25.0;85.0;115.0,10
15.0;35.0;55.0,10
55.0;105.0;165.0,10
35.0;35.0;75.0,10
110.0;115.0;140.0,10
55.0;70.0;130.0,10
65.0;75.0;145.0,10
70.0;75.0;150.0,10
95.0;120.0;150.0,10
85.0;130.0;150.0,10
60.0;135.0;170.0,10
15.0;115.0;135.0,10
15.0;170.0;170.0,10
0.0;130.0;130.0,10
25.0;120.0;150.0,10
0.0;120.0;120.0,10
30.0;120.0;155.0,10
10.0;170.0;170.0,9
25.0;95.0;125.0,9
5.0;165.0;165.0,9
75.0;80.0;160.0,9
40.0;115.0;160.0,9
50.0;120.0;175.0,9
35.0;135.0;175.0,9
55.0;110.0;170.0,9
15.0;40.0;60.0,9
20.0;120.0;145.0,9
65.0;65.0;135.0,9
105.0;105.0;105.0,9
65.0;100.0;170.0,9
10.0;125.0;140.0,9
40.0;45.0;90.0,9
15.0;70.0;90.0,9
100.0;100.0;100.0,9
20.0;100.0;125.0,9
40.0;105.0;150.0,9
0.0;25.0;25.0,9
75.0;85.0;165.0,9
110.0;110.0;110.0,9
100.0;110.0;155.0,9
15.0;95.0;115.0,9
35.0;120.0;160.0,9
0.0;145.0;145.0,9
10.0;40.0;55.0,9
45.0;115.0;165.0,9
20.0;25.0;50.0,8
20.0;135.0;160.0,8
5.0;65.0;75.0,8
5.0;175.0;175.0,8
45.0;45.0;95.0,8
70.0;85.0;160.0,8
10.0;110.0;125.0,8
10.0;105.0;120.0,8
65.0;135.0;165.0,8
25.0;110.0;140.0,8
40.0;100.0;145.0,8
5.0;105.0;115.0,8
40.0;130.0;175.0,8
35.0;110.0;150.0,8
10.0;20.0;35.0,8
40.0;160.0;165.0,8
15.0;85.0;105.0,8
45.0;110.0;160.0,8
70.0;80.0;155.0,8
15.0;25.0;45.0,8
5.0;170.0;170.0,8
65.0;95.0;165.0,8
35.0;105.0;145.0,8
50.0;115.0;170.0,8
30.0;115.0;150.0,8
65.0;85.0;155.0,8
80.0;135.0;150.0,8
70.0;145.0;150.0,8
70.0;90.0;165.0,8
85.0;125.0;155.0,8
0.0;165.0;165.0,8
40.0;120.0;165.0,8
10.0;55.0;70.0,8
55.0;150.0;160.0,7
75.0;120.0;170.0,7
20.0;125.0;150.0,7
20.0;65.0;90.0,7
85.0;90.0;180.0,7
35.0;145.0;180.0,7
60.0;65.0;130.0,7
0.0;155.0;155.0,7
0.0;40.0;40.0,7
50.0;110.0;165.0,7
20.0;110.0;135.0,7
65.0;125.0;175.0,7
55.0;145.0;165.0,7
10.0;25.0;40.0,7
5.0;115.0;125.0,7
5.0;45.0;55.0,7
20.0;105.0;130.0,7
60.0;150.0;155.0,7
60.0;100.0;165.0,7
35.0;125.0;165.0,7
45.0;45.0;45.0,7
5.0;75.0;85.0,7
110.0;120.0;135.0,7
15.0;15.0;35.0,7
5.0;60.0;70.0,7
90.0;120.0;155.0,7
10.0;115.0;130.0,7
10.0;120.0;135.0,7
25.0;25.0;55.0,7
95.0;110.0;160.0,7
15.0;20.0;40.0,7
50.0;85.0;140.0,7
0.0;65.0;70.0,7
45.0;155.0;165.0,7
70.0;140.0;155.0,7
0.0;95.0;95.0,7
35.0;115.0;155.0,7
60.0;90.0;155.0,6
0.0;95.0;100.0,6
0.0;140.0;140.0,6
25.0;105.0;135.0,6
65.0;105.0;175.0,6
120.0;120.0;125.0,6
105.0;115.0;145.0,6
50.0;155.0;160.0,6
5.0;95.0;105.0,6
5.0;10.0;20.0,6
40.0;150.0;175.0,6
5.0;55.0;65.0,6
90.0;90.0;180.0,6
35.0;130.0;170.0,6
40.0;110.0;155.0,6
80.0;120.0;165.0,6
10.0;170.0;180.0,6
5.0;170.0;175.0,6
5.0;5.0;10.0,6
10.0;145.0;160.0,6
10.0;175.0;175.0,6
90.0;105.0;170.0,6
5.0;80.0;90.0,6
15.0;145.0;165.0,6
95.0;135.0;135.0,6
50.0;105.0;160.0,6
95.0;115.0;155.0,6
10.0;100.0;115.0,6
45.0;105.0;155.0,6
50.0;100.0;155.0,6
65.0;130.0;170.0,5
25.0;160.0;180.0,5
0.0;30.0;35.0,5
20.0;145.0;170.0,5
80.0;110.0;175.0,5
60.0;60.0;125.0,5
75.0;140.0;150.0,5
75.0;95.0;175.0,5
20.0;130.0;155.0,5
100.0;105.0;160.0,5
60.0;105.0;170.0,5
80.0;130.0;155.0,5
5.0;100.0;110.0,5
30.0;135.0;170.0,5
45.0;125.0;175.0,5
95.0;130.0;140.0,5
0.0;150.0;150.0,5
45.0;120.0;170.0,5
25.0;125.0;155.0,5
25.0;115.0;145.0,5
15.0;140.0;160.0,5
10.0;150.0;165.0,5
35.0;165.0;165.0,5
80.0;125.0;160.0,5
75.0;130.0;160.0,5
0.0;35.0;40.0,5
0.0;105.0;110.0,5
25.0;155.0;180.0,5
95.0;105.0;165.0,5
115.0;115.0;135.0,5
100.0;115.0;150.0,5
20.0;20.0;45.0,5
65.0;90.0;160.0,5
10.0;135.0;150.0,5
15.0;125.0;145.0,5
75.0;100.0;180.0,5
100.0;125.0;140.0,4
5.0;35.0;45.0,4
25.0;130.0;160.0,4
25.0;135.0;165.0,4
90.0;110.0;165.0,4
0.0;110.0;115.0,4
45.0;160.0;160.0,4
10.0;140.0;155.0,4
35.0;160.0;170.0,4
5.0;120.0;130.0,4
20.0;40.0;65.0,4
20.0;140.0;165.0,4
45.0;145.0;175.0,4
5.0;90.0;100.0,4
85.0;110.0;170.0,4
10.0;155.0;170.0,4
105.0;125.0;135.0,4
90.0;95.0;180.0,4
70.0;70.0;145.0,4
55.0;95.0;155.0,4
80.0;115.0;170.0,4
0.0;50.0;55.0,4
5.0;110.0;120.0,4
70.0;120.0;175.0,4
80.0;140.0;145.0,4
60.0;130.0;175.0,4
0.0;55.0;60.0,4
15.0;135.0;155.0,4
50.0;145.0;170.0,4
75.0;75.0;155.0,4
40.0;145.0;180.0,4
105.0;105.0;155.0,4
110.0;110.0;145.0,4
50.0;135.0;180.0,4
75.0;110.0;180.0,3
0.0;20.0;20.0,3
0.0;20.0;25.0,3
115.0;125.0;125.0,3
75.0;115.0;175.0,3
65.0;145.0;155.0,3
5.0;50.0;60.0,3
5.0;135.0;145.0,3
80.0;105.0;180.0,3
0.0;25.0;30.0,3
0.0;170.0;170.0,3
0.0;40.0;45.0,3
5.0;175.0;180.0,3
50.0;140.0;175.0,3
55.0;135.0;175.0,3
65.0;110.0;180.0,3
0.0;155.0;160.0,3
65.0;140.0;160.0,3
70.0;95.0;170.0,3
0.0;10.0;10.0,3
90.0;90.0;90.0,3
75.0;125.0;165.0,3
60.0;95.0;160.0,3
55.0;115.0;175.0,3
85.0;140.0;140.0,3
5.0;40.0;50.0,3
100.0;100.0;165.0,3
0.0;160.0;160.0,3
0.0;75.0;80.0,3
0.0;15.0;15.0,3
90.0;115.0;160.0,3
70.0;125.0;170.0,3
55.0;55.0;115.0,3
20.0;170.0;175.0,2
95.0;100.0;170.0,2
40.0;135.0;180.0,2
0.0;90.0;95.0,2
20.0;155.0;180.0,2
30.0;155.0;180.0,2
35.0;150.0;180.0,2
80.0;95.0;180.0,2
30.0;140.0;175.0,2
60.0;110.0;175.0,2
75.0;145.0;145.0,2
20.0;150.0;175.0,2
10.0;10.0;10.0,2
60.0;125.0;180.0,2
0.0;15.0;20.0,2
45.0;130.0;180.0,2
5.0;155.0;165.0,2
5.0;130.0;140.0,2
25.0;140.0;170.0,2
0.0;150.0;155.0,2
0.0;80.0;85.0,2
80.0;90.0;175.0,2
90.0;100.0;175.0,2
5.0;85.0;95.0,2
5.0;70.0;80.0,2
55.0;130.0;180.0,2
5.0;15.0;25.0,2
30.0;165.0;170.0,2
45.0;150.0;170.0,2
25.0;165.0;175.0,2
0.0;140.0;145.0,2
0.0;100.0;105.0,2
5.0;145.0;155.0,2
0.0;130.0;135.0,2
40.0;155.0;170.0,2
70.0;105.0;180.0,2
5.0;30.0;40.0,2
35.0;155.0;175.0,1
65.0;150.0;150.0,1
15.0;160.0;180.0,1
65.0;120.0;180.0,1
15.0;150.0;170.0,1
0.0;70.0;75.0,1
0.0;180.0;180.0,1
70.0;115.0;180.0,1
85.0;85.0;175.0,1
50.0;150.0;165.0,1
105.0;130.0;130.0,1
10.0;160.0;175.0,1
25.0;145.0;175.0,1
70.0;130.0;165.0,1
30.0;160.0;175.0,1
15.0;175.0;175.0,1
0.0;125.0;130.0,1
0.0;120.0;125.0,1
0.0;60.0;65.0,1
35.0;140.0;180.0,1
15.0;155.0;175.0,1
80.0;80.0;165.0,1
85.0;105.0;175.0,1
95.0;95.0;175.0,1
5.0;140.0;150.0,1
0.0;135.0;140.0,1
5.0;150.0;160.0,1
5.0;160.0;170.0,1
5.0;20.0;30.0,1
0.0;85.0;90.0,1
85.0;100.0;180.0,1
45.0;140.0;180.0,1
5.0;25.0;35.0,1
5.0;5.0;15.0,1
10.0;10.0;25.0,1
