UniProt_ID,cysteine_pos,SASA,n_sites,n_types
A2A5R2,940,4.785,0,0
A2AMM0,141,73.081,0,0
A2APY7,199,42.001,0,0
A2AQP0,954,67.78,0,0
A2AQP0,1256,60.301,0,0
A2AQP0,1590,72.135,0,0
A3QMC5,44,3.179,1,1
A3QMC5,79,59.832,1,1
A7E2Y1,1460,80.388,0,0
A7XZE4,36,73.321,0,0
B1AKQ8,25,103.868,0,0
B2RPV6,913,38.382,0,0
D3YYU8,33,0.0,0,0
D3YYU8,1748,54.053,0,0
D3YYU8,1757,104.078,0,0
E9PCR7,346,6.418,0,0
E9Q8Q6,895,11.646,0,0
E9Q8Q6,1021,11.961,0,0
F5H423,148,74.332,0,0
F5H7C4,34,29.456,1,1
G5ECU5,87,35.175,0,0
G5ECU5,602,0.819,0,0
G5EEI4,240,4.884,0,0
G5EEK8,209,0.844,0,0
G5EEV5,8,126.371,0,0
H2L0M0,1843,2.128,0,0
M0R117,109,0.07,0,0
O00151,73,13.22,2,3
O00330,307,0.623,6,4
O00483,44,56.024,2,3
O01504,34,37.568,0,0
O01868,6,1.798,0,0
O02056,95,21.735,0,0
O02056,216,0.0,0,0
O02286,108,0.605,0,0
O08553,504,104.648,2,2
O08638,701,31.329,0,0
O08709,47,0.359,7,2
O08749,484,119.561,0,0
O09161,53,2.305,1,1
O14818,91,0.918,6,2
O14958,53,0.506,1,1
O16368,402,3.153,0,0
O17071,364,4.403,2,1
O17570,38,3.568,3,1
O17622,19,0.0,0,0
O18650,99,6.145,1,1
O35074,232,66.625,1,1
O35386,89,0.985,1,2
O35639,202,0.909,2,1
O35855,22,123.883,0,0
O43678,58,61.786,2,2
O43813,183,3.703,4,1
O44480,112,0.0,0,0
O45011,94,0.591,2,1
O45012,256,0.0,0,0
O45552,285,32.433,0,0
O45713,37,62.265,0,0
O45865,259,0.0,0,0
O55023,64,114.105,2,1
O55111,844,28.232,1,1
O55143,471,5.633,4,2
O55143,498,0.0,10,3
O55143,560,17.449,5,2
O62277,57,22.176,0,0
O70250,153,27.003,7,2
O70468,562,0.0,4,1
O70468,715,99.569,0,0
O70492,140,2.271,1,1
O75208,153,6.117,1,1
O75323,85,23.615,3,2
O75380,87,8.619,3,2
O75390,101,1.107,2,4
O75390,359,2.802,3,4
O75569,54,68.64,5,2
O75874,73,0.365,6,1
O75947,101,78.376,6,4
O88844,114,2.587,1,3
O95299,253,2.177,3,1
O95563,54,75.873,1,1
O95831,441,0.0,2,1
P00367,376,11.132,3,2
P00505,106,12.238,7,5
P00505,295,2.845,4,5
P00505,382,0.0,3,5
P00558,50,0.0,9,6
P00558,316,3.926,9,4
P00568,25,0.0,9,4
P00568,187,15.349,7,3
P01009,256,21.239,1,1
P01029,1612,11.742,0,0
P01834,27,0.0,8,1
P01834,87,0.0,7,1
P01834,107,198.566,0,0
P01857,27,0.0,1,1
P01857,308,0.0,6,1
P01859,246,0.0,3,1
P01859,304,0.0,3,1
P01861,305,0.0,2,1
P01872,352,0.0,0,0
P01942,105,4.153,7,2
P02088,94,22.027,5,4
P02089,94,21.106,5,4
P02144,111,5.507,4,1
P02468,30,79.2,1,1
P02566,189,47.64,0,0
P02566,259,1.155,0,0
P02675,316,0.936,3,2
P02765,358,13.621,0,0
P02768,99,43.751,7,3
P02768,125,15.621,5,2
P02768,148,2.321,4,2
P02768,201,29.449,3,2
P02768,224,0.296,11,4
P02768,289,14.739,10,3
P02768,416,4.032,5,1
P02787,58,30.283,2,3
P02787,213,0.12,1,1
P02787,596,1.918,1,2
P02787,656,9.845,4,3
P02790,408,6.275,1,1
P04075,73,1.119,9,4
P04075,135,0.49,9,4
P04075,202,5.47,9,4
P04075,240,11.098,4,3
P04075,339,16.308,11,4
P04080,3,139.506,2,2
P04117,118,7.615,9,3
P04179,220,23.381,1,1
P04247,67,38.432,6,3
P04406,247,0.455,7,6
P04843,477,63.836,1,1
P04919,215,9.325,4,1
P05064,73,1.02,6,3
P05064,150,0.0,6,3
P05064,202,5.391,7,2
P05064,240,11.4,2,2
P05064,290,7.798,3,3
P05064,339,15.989,8,3
P05090,185,46.341,1,1
P05125,129,75.817,3,1
P05125,145,35.256,3,1
P05141,160,0.0,7,5
P05166,90,18.738,2,3
P05201,391,0.235,4,2
P05202,212,11.243,1,1
P05202,295,2.7,3,4
P05202,382,0.0,4,4
P05413,125,0.201,4,1
P05690,185,0.908,0,0
P05690,209,26.458,0,0
P05690,1310,0.902,1,1
P05690,1340,0.662,2,1
P05690,1476,38.739,1,1
P05690,1571,24.373,0,0
P06125,56,6.459,0,0
P06703,3,77.062,0,0
P06732,254,0.0,3,2
P06732,283,20.239,5,1
P06753,191,72.641,2,1
P06909,178,23.043,0,0
P06909,320,17.427,0,0
P07195,164,0.0,4,2
P07310,254,0.0,3,2
P07310,283,20.389,1,1
P07339,329,42.031,3,1
P07355,133,7.929,7,5
P07724,99,40.316,2,2
P07724,148,1.353,2,1
P07724,416,1.393,4,4
P07724,472,24.45,5,3
P07724,485,1.065,6,4
P07724,500,2.228,5,4
P07724,511,34.215,3,4
P07724,538,18.837,3,5
P07724,591,18.669,5,4
P07759,260,0.0,0,0
P07900,420,0.0,5,4
P07919,53,0.83,4,1
P07951,36,76.213,2,2
P07951,190,72.788,1,1
P07954,434,4.921,1,1
P08032,963,10.012,0,0
P08122,137,30.261,0,0
P08133,552,3.055,4,1
P08228,147,6.167,3,4
P08238,412,0.526,5,4
P08249,275,9.914,3,6
P08559,41,13.288,3,4
P08559,261,3.102,1,1
P08590,76,0.0,3,1
P08590,182,35.063,3,1
P08670,328,85.635,4,5
P09103,345,0.0,6,2
P09411,50,0.0,6,5
P09446,17,2.248,2,1
P09446,243,18.217,0,0
P09446,307,0.0,0,0
P09446,575,0.0,0,0
P09493,190,68.083,1,1
P09541,74,0.0,0,0
P09542,85,0.0,1,1
P09972,135,0.637,6,4
P0DM41,258,0.0,1,1
P0DM41,286,2.166,2,1
P0DMV9,17,2.225,9,1
P0DMV9,306,0.0,3,1
P0DMV9,603,0.0,5,1
P10126,234,18.758,9,3
P10567,616,84.044,0,0
P10649,174,11.308,5,3
P10768,11,35.594,8,3
P10809,237,0.405,9,7
P10986,218,3.835,4,1
P10986,286,2.057,2,1
P11142,17,2.56,12,4
P11152,445,42.952,0,0
P11177,263,0.183,3,4
P11216,496,15.85,2,1
P11216,581,2.314,0,0
P11216,808,11.001,5,3
P11310,244,1.199,3,2
P12235,160,0.0,5,2
P12235,257,0.0,0,0
P12277,254,2.096,7,3
P12883,400,2.339,6,2
P12883,672,0.289,1,1
P12883,695,17.754,0,0
P12883,905,65.923,1,1
P12883,947,79.786,4,2
P12883,1249,50.897,1,1
P12883,1340,71.585,2,1
P12883,1411,65.038,2,1
P12883,1748,72.116,0,0
P13020,329,2.638,3,1
P13533,1750,70.166,0,0
P13535,908,49.004,1,1
P13541,38,2.758,2,1
P13541,793,61.938,0,0
P13541,906,47.5,0,0
P13637,418,0.644,5,2
P13639,67,58.267,7,4
P13647,55,131.342,0,0
P13804,109,0.0,4,2
P13929,399,32.535,3,2
P14152,137,0.0,11,5
P14152,154,0.0,6,3
P14174,81,18.028,9,5
P14618,326,0.0,8,4
P14618,358,0.006,5,4
P14685,206,1.838,3,3
P15090,118,6.974,4,1
P15259,23,8.769,9,3
P15259,153,27.21,5,1
P16125,164,0.0,1,1
P16615,447,4.987,6,2
P16615,471,5.734,5,3
P16615,498,0.0,9,3
P16858,245,0.571,5,4
P16858,282,87.968,5,1
P17174,46,70.312,5,2
P17426,830,0.0,1,1
P17540,90,0.0,2,1
P17568,80,5.399,3,3
P17661,333,87.623,5,2
P17742,62,0.0,5,1
P18206,422,17.576,3,4
P18206,545,0.0,4,2
P18206,737,0.0,6,3
P18206,1053,0.0,3,1
P18242,327,40.38,3,3
P18948,192,0.181,0,0
P18948,384,0.01,0,0
P18948,468,0.02,0,0
P18948,655,9.26,1,1
P18948,924,0.131,0,0
P18948,1364,2.945,0,0
P18948,1646,10.32,0,0
P19096,274,50.898,0,0
P19324,155,1.066,0,0
P19367,628,0.206,1,1
P19367,813,6.774,1,2
P19404,225,85.873,0,0
P19625,110,78.322,0,0
P20073,413,5.075,1,1
P20674,96,0.324,2,3
P21399,392,4.497,2,2
P21550,357,0.404,1,1
P21796,127,50.513,6,2
P21796,232,13.344,11,4
P21810,321,0.295,0,0
P21980,230,13.282,2,1
P22626,50,15.783,11,5
P22695,192,0.54,9,4
P22907,114,4.471,0,0
P23116,160,0.0,3,4
P23249,7,76.351,0,0
P23284,202,11.618,8,5
P24539,239,64.455,4,5
P24549,133,4.955,5,4
P24668,146,38.805,0,0
P24752,119,33.132,6,2
P24752,196,0.0,4,5
P25444,222,0.0,1,2
P25705,244,0.131,11,5
P26041,284,0.0,3,2
P26231,767,8.75,2,3
P26638,300,0.0,1,1
P27348,25,15.372,10,4
P27420,46,2.189,0,0
P27604,280,63.392,0,0
P27612,12,18.23,0,0
P28331,92,0.643,0,0
P28352,207,0.0,0,0
P29691,382,0.0,0,0
P29691,585,0.0,1,1
P29691,598,1.018,1,1
P29691,645,16.82,0,0
P29788,24,0.0,0,0
P30044,100,1.173,3,3
P30048,229,34.603,7,4
P30086,133,28.894,6,4
P30086,168,0.0,7,2
P30405,203,12.43,2,3
P31001,332,88.01,3,2
P31040,536,8.331,8,6
P31040,654,5.448,2,2
P31930,154,14.988,5,3
P31930,410,0.0,4,3
P31930,445,0.463,4,3
P32119,172,33.923,6,3
P32261,54,32.618,3,2
P33121,108,0.0,3,1
P34334,101,83.087,0,0
P34346,53,13.889,3,1
P34455,382,11.08,0,0
P34563,77,10.186,1,1
P34690,314,1.366,0,0
P35579,740,0.0,7,5
P35609,48,0.0,5,2
P35609,161,0.0,2,1
P35609,187,0.0,4,2
P35609,339,7.011,3,2
P35609,487,35.634,1,1
P35609,862,0.0,1,1
P35754,8,77.066,1,1
P36542,103,1.904,10,2
P36552,308,0.164,1,1
P37806,493,123.273,2,1
P38646,487,3.551,2,1
P38646,608,15.941,7,5
P40925,137,0.0,12,6
P40925,154,0.0,7,3
P40926,212,7.902,5,4
P40926,285,1.113,12,4
P40939,322,18.599,9,6
P40939,349,3.966,4,4
P40939,470,0.0,5,5
P40939,747,2.726,2,3
P41216,109,0.0,0,0
P41216,626,7.505,3,2
P41932,96,0.0,0,0
P41988,239,0.621,0,0
P42765,179,0.0,2,5
P42932,347,0.0,4,4
P46471,225,0.375,1,1
P46471,236,29.7,0,0
P46561,119,0.0,0,0
P46561,292,0.238,0,0
P46563,153,0.0,2,1
P46769,107,2.617,0,0
P46769,163,0.532,0,0
P47208,410,0.21,0,0
P47738,388,12.533,2,3
P47857,709,2.905,3,3
P47934,449,9.109,0,0
P47962,62,0.0,2,3
P47962,76,1.507,2,2
P48047,141,0.799,8,5
P48150,86,0.0,1,1
P48150,140,77.286,0,0
P48154,109,65.569,2,1
P48154,199,0.0,1,1
P48158,28,18.6,1,1
P48158,63,0.0,3,1
P48681,493,138.538,1,1
P48735,113,2.599,7,2
P48735,154,2.792,3,3
P48735,418,39.886,3,5
P48758,226,0.0,4,1
P48962,57,0.0,5,4
P48962,129,64.431,3,1
P48962,160,0.0,4,3
P48962,257,0.0,2,2
P49041,72,3.133,0,0
P49196,47,29.728,0,0
P49196,77,4.403,0,0
P49196,114,8.067,1,1
P49197,57,1.993,1,1
P49368,173,3.081,7,1
P49615,94,37.876,1,1
P49722,137,0.0,2,2
P49753,183,18.221,1,1
P50140,106,17.921,0,0
P50140,417,32.191,0,0
P50395,414,0.737,7,3
P50431,329,0.836,0,0
P50432,230,7.653,0,0
P50461,25,17.523,0,0
P50461,58,11.527,0,0
P50461,79,64.707,4,2
P50461,120,0.538,2,1
P50461,168,12.756,3,1
P50462,25,16.947,0,0
P50880,157,8.122,0,0
P50991,410,0.245,5,2
P50995,226,6.697,1,1
P50995,384,9.335,4,2
P50995,501,0.02,9,3
P51174,166,12.785,2,2
P51174,351,1.337,3,2
P51403,139,43.879,0,0
P51403,178,21.965,4,1
P51403,184,29.654,0,0
P51403,218,0.0,1,1
P51830,104,4.059,0,0
P51881,129,63.149,2,1
P51881,257,0.0,0,0
P52015,40,0.0,0,0
P52015,122,0.0,0,0
P52179,798,0.534,3,1
P52275,12,36.904,1,1
P52480,326,0.0,6,4
P52503,79,9.844,1,1
P52819,27,0.48,2,1
P52821,95,37.191,1,1
P53013,326,0.0,6,2
P53026,66,0.0,4,4
P54071,113,2.605,2,3
P54071,154,2.869,4,4
P54071,402,0.0,4,4
P54071,418,40.4,3,4
P54216,312,0.095,0,0
P54310,163,11.326,2,1
P54823,361,18.891,1,1
P55084,458,0.98,7,1
P55155,1312,0.873,0,0
P55155,1613,18.967,0,0
P55292,899,29.074,1,1
P55809,235,1.117,1,1
P55809,465,12.762,8,4
P55809,504,15.664,7,4
P56134,7,108.941,1,1
P56381,19,50.743,5,4
P56391,30,0.874,3,2
P58771,190,68.373,3,2
P60174,42,0.0,3,2
P60174,67,1.04,2,1
P60174,127,0.847,1,1
P60174,218,0.688,3,1
P60709,17,0.51,6,3
P60710,217,3.33,9,4
P61866,17,8.05,2,1
P62242,174,2.624,2,2
P62717,64,34.599,3,4
P62754,12,9.246,5,2
P62784,74,4.993,0,0
P62879,25,89.313,3,2
P62879,148,10.113,2,1
P62937,52,16.519,9,5
P62937,115,0.071,5,5
P62937,161,14.968,8,6
P63104,25,18.214,8,5
P63220,56,5.959,4,3
P68032,219,3.164,9,3
P68032,259,0.0,8,3
P68032,287,2.221,6,2
P68032,376,0.913,5,3
P68033,219,3.677,8,3
P68033,259,0.0,8,2
P68033,287,2.015,5,2
P68133,259,0.0,9,4
P68133,287,1.93,7,3
P68371,12,37.67,10,5
P68372,12,39.924,6,1
P68372,303,6.963,2,2
P68871,94,15.325,5,2
P68871,113,83.256,2,1
P69905,105,4.01,6,3
P70266,432,22.628,0,0
P70296,13,34.178,1,1
P70404,81,58.39,1,1
P80316,407,9.618,3,2
P84104,72,79.834,3,2
P91303,104,92.013,0,0
P97333,54,0.063,0,0
P97384,382,8.9,1,1
P97443,125,25.446,2,1
P97447,126,37.633,0,0
P98156,246,8.651,0,0
P98192,53,105.238,0,0
P99028,51,1.211,4,1
P99028,65,15.924,4,1
P99029,200,38.302,2,1
Q01063,319,69.596,4,1
Q01339,264,0.086,0,0
Q01341,418,8.259,2,1
Q02338,63,0.0,0,0
Q02566,37,4.529,1,1
Q02566,401,2.607,2,1
Q02566,674,0.59,2,1
Q02566,697,17.458,1,1
Q02566,907,64.285,0,0
Q02566,949,68.619,2,2
Q02566,1342,73.548,3,1
Q02566,1413,63.507,0,0
Q02566,1750,68.614,0,0
Q04447,283,21.915,7,1
Q05036,383,0.175,1,1
Q06323,22,21.195,3,2
Q07076,388,5.799,0,0
Q07417,246,0.0,3,2
Q07750,110,24.821,1,1
Q07968,136,0.05,0,0
Q09533,105,65.109,0,0
Q09543,150,3.173,0,0
Q10454,61,1.884,1,1
Q10454,179,33.366,0,0
Q10454,242,16.899,0,0
Q10454,312,15.596,1,1
Q10454,341,1.186,1,1
Q13011,102,2.333,8,3
Q13423,1073,0.024,5,3
Q14896,566,0.0,0,0
Q14896,623,45.672,0,0
Q14896,651,68.537,0,0
Q14C51,259,7.803,0,0
Q15124,165,0.0,0,0
Q15435,104,16.988,1,1
Q16698,86,0.0,10,3
Q16698,116,2.223,3,2
Q16798,223,8.467,0,0
Q16836,211,22.332,2,3
Q17763,162,96.337,1,1
Q17832,214,0.18,0,0
Q18688,682,130.767,0,0
Q19102,88,20.328,2,1
Q19162,79,6.133,2,1
Q19264,299,0.0,0,0
Q19278,345,0.786,0,0
Q19626,94,0.0,0,0
Q19877,8,132.301,0,0
Q19980,44,25.188,0,0
Q1XH17,456,28.789,1,1
Q20206,110,10.057,1,1
Q20206,128,3.202,0,0
Q20363,5,113.649,1,1
Q21215,188,20.322,0,0
Q21276,390,23.862,2,1
Q23621,313,6.475,1,1
Q27245,443,48.309,0,0
Q27389,136,1.578,0,0
Q27535,275,15.224,0,0
Q2TPA8,218,0.009,0,0
Q3THK7,523,87.966,0,0
Q3TLP5,13,114.658,0,0
Q3TZZ7,734,2.27,2,1
Q3U0S6,432,0.004,2,1
Q3U186,3,16.184,1,1
Q3UHD6,191,0.344,0,0
Q3UHZ5,89,114.182,0,0
Q3URS9,311,79.158,0,0
Q4G0N4,58,45.538,0,0
Q58A65,1155,29.078,0,0
Q5BKX8,288,118.023,0,0
Q5JXI2,87,65.572,2,1
Q5PRF0,586,96.682,0,0
Q5SXM2,687,76.035,0,0
Q60597,904,0.0,1,1
Q61107,417,109.753,1,1
Q61129,78,5.091,0,0
Q61171,172,34.564,3,3
Q61233,346,0.0,1,1
Q61234,412,1.928,0,0
Q61543,563,0.0,0,0
Q61655,324,27.356,1,1
Q62234,778,0.064,2,1
Q62261,1284,4.855,1,1
Q63844,83,0.0,1,1
Q64105,235,12.401,0,0
Q64449,67,24.56,0,0
Q64727,325,15.061,6,3
Q65XX1,492,54.981,3,1
Q69ZR2,2260,0.089,0,0
Q6P8J7,90,0.0,1,1
Q6P8J7,180,3.11,1,1
Q6P8J7,238,46.033,2,1
Q6P8J7,317,31.595,4,1
Q6P8X1,149,34.996,1,1
Q6YN16,218,0.017,1,1
Q6ZPJ3,336,39.807,0,0
Q6ZQ38,237,0.154,0,0
Q702N8,1215,113.522,0,0
Q71LX4,723,0.0,3,1
Q71RI9,432,0.0,3,3
Q76MZ3,377,9.947,0,0
Q7TMF3,92,48.135,0,0
Q7TNS2,13,12.485,0,0
Q7TSV4,58,9.101,0,0
Q7Z072,228,91.967,0,0
Q80TV8,173,15.143,0,0
Q80U72,1594,118.039,0,0
Q80UM3,238,100.545,1,1
Q80WP8,470,2.013,0,0
Q80XL6,106,1.525,0,0
Q80YV4,787,12.074,1,1
Q811U4,167,6.629,1,1
Q8BFY9,790,0.034,0,0
Q8BGC4,218,5.912,1,1
Q8BGH2,237,50.39,2,1
Q8BGI7,263,12.294,0,0
Q8BHC4,135,2.018,2,2
Q8BHF7,477,13.847,0,0
Q8BIJ6,91,19.2,1,1
Q8BIJ6,883,3.117,0,0
Q8BKC5,1057,1.199,0,0
Q8BKY8,55,19.864,1,1
Q8BMF3,19,111.821,1,1
Q8BMF4,33,130.475,1,1
Q8BMF4,45,129.593,0,0
Q8BMF4,163,0.0,0,0
Q8BML9,687,3.594,0,0
Q8BMS1,349,5.236,3,3
Q8BMS1,470,3.256,3,2
Q8BMS1,550,0.0,1,1
Q8BMS4,156,8.409,0,0
Q8BT60,249,0.042,3,4
Q8BTI9,110,112.42,0,0
Q8BWT1,179,0.0,6,1
Q8BWT1,287,31.16,1,4
Q8BYM8,511,4.357,1,1
Q8C129,305,0.0,0,0
Q8C1A5,427,28.889,0,0
Q8CEE7,201,3.945,0,0
Q8CG76,222,18.03,0,0
Q8CGC7,336,5.241,2,2
Q8CGY6,207,0.0,0,0
Q8CGY6,368,53.154,0,0
Q8CGY6,786,16.182,0,0
Q8CGY8,44,0.189,0,0
Q8CHT0,347,12.448,2,2
Q8JZQ2,625,0.331,1,1
Q8K0E8,85,78.717,0,0
Q8K0E8,213,87.942,0,0
Q8K0E8,260,0.0,0,0
Q8K0Z7,157,0.0,1,1
Q8K1N1,33,105.323,0,0
Q8K2B3,89,0.0,3,2
Q8K2B3,266,11.617,0,0
Q8K2B3,357,3.499,2,2
Q8K2B3,536,7.645,3,3
Q8K2B3,654,6.473,1,1
Q8K2Y7,89,23.16,1,1
Q8K370,197,0.221,0,0
Q8K411,850,62.382,1,2
Q8QZS1,44,13.282,2,2
Q8QZT1,116,34.625,4,3
Q8QZT1,123,14.524,1,2
Q8QZT1,193,0.0,3,3
Q8R1Q8,247,0.028,0,0
Q8R216,166,4.135,0,0
Q8R3B1,96,0.104,0,0
Q8R4N0,103,0.0,1,1
Q8VDD5,789,88.516,0,0
Q8VEM8,232,22.83,3,3
Q8WQA8,35,2.651,0,0
Q8WQA8,69,69.114,0,0
Q91UZ5,92,0.922,0,0
Q91V92,509,8.869,2,1
Q91V92,623,21.395,2,1
Q91VD9,64,1.39,0,0
Q91VD9,75,15.898,0,0
Q91VD9,367,0.01,1,1
Q91VD9,463,9.802,4,2
Q91VR2,103,1.386,2,1
Q91WC3,142,7.912,0,0
Q91WK1,8,118.895,0,0
Q91YT0,286,36.227,0,0
Q91Z83,695,30.051,1,1
Q91Z83,947,72.064,1,1
Q91ZE0,80,2.711,0,0
Q921G7,265,33.134,1,1
Q921G7,386,31.176,0,0
Q921G7,560,8.095,0,0
Q921I1,137,0.152,5,2
Q921I1,363,1.292,0,0
Q921I1,597,1.008,1,1
Q921M3,547,20.883,0,0
Q922B2,334,44.162,0,0
Q924T2,13,114.203,0,0
Q924X2,448,3.92,3,1
Q924X2,548,0.767,0,0
Q924X2,586,12.588,0,0
Q924X2,608,2.575,1,1
Q93572,27,1.82,0,0
Q93572,119,58.849,0,0
Q93573,81,64.939,0,0
Q93576,109,14.093,1,1
Q93576,117,0.039,4,1
Q93934,41,26.746,0,0
Q93934,319,0.0,0,0
Q94300,79,6.139,2,1
Q95X44,83,77.681,1,1
Q95X44,151,1.579,0,0
Q95Y04,22,33.943,1,1
Q95Y90,72,1.92,0,0
Q95YF3,98,0.312,0,0
Q966I8,70,0.0,0,0
Q96FJ2,24,13.468,9,3
Q96GK7,215,0.0,3,1
Q99798,126,0.0,6,3
Q99798,226,0.096,3,1
Q99798,385,11.116,5,3
Q99798,592,1.134,6,4
Q99JR6,133,6.591,0,0
Q99JW4,219,0.743,0,0
Q99JY0,436,0.732,1,2
Q99KI0,126,0.0,2,3
Q99KI0,385,10.806,4,4
Q99KI0,592,1.173,7,4
Q99KV1,169,5.957,0,0
Q99L43,99,70.132,0,0
Q99L47,208,25.555,3,3
Q99LC5,53,0.0,6,4
Q99NB9,933,4.927,0,0
Q99NB9,1250,0.0,0,0
Q9BKU5,70,50.324,0,0
Q9BKU5,100,0.014,0,0
Q9BKU5,141,34.846,1,1
Q9BL19,146,0.0,0,0
Q9CPP6,17,36.196,0,0
Q9CPV4,182,8.546,2,2
Q9CPV4,206,0.97,1,1
Q9CQ54,40,60.956,0,0
Q9CQ62,86,0.0,7,3
Q9CQ62,116,1.825,2,1
Q9CQ75,58,60.579,1,2
Q9CQA3,70,26.135,1,2
Q9CQB5,99,15.471,2,2
Q9CQJ8,31,8.837,0,0
Q9CQM9,148,0.828,1,1
Q9CQQ7,239,63.47,3,3
Q9CQT1,199,1.259,0,0
Q9CR59,124,62.494,0,0
Q9CR62,184,11.729,1,1
Q9CXI0,244,0.142,0,0
Q9CXW4,72,7.233,5,3
Q9CY73,96,41.252,1,1
Q9CZ13,69,0.105,3,4
Q9CZ13,268,5.887,0,0
Q9CZ13,380,6.953,1,2
Q9CZ13,410,0.0,1,1
Q9CZM2,27,12.236,4,1
Q9CZU6,101,1.323,2,3
Q9D0J4,102,4.95,0,0
Q9D0K2,504,17.217,2,3
Q9D0M3,139,13.532,0,0
Q9D0M3,219,67.866,0,0
Q9D0M5,24,17.368,0,0
Q9D1M0,31,0.0,1,1
Q9D1Q6,189,7.814,0,0
Q9D2G2,37,124.535,0,0
Q9D2N4,48,0.383,0,0
Q9D5V5,188,16.282,0,0
Q9D6R2,127,0.152,0,0
Q9D8W5,31,4.895,2,2
Q9DB20,141,0.421,6,5
Q9DB77,192,0.0,4,3
Q9DBC7,18,74.488,1,1
Q9DBJ1,55,0.0,0,0
Q9DC69,86,44.175,0,0
Q9DCH4,260,102.345,2,1
Q9DCL9,295,16.556,1,1
Q9DCT1,191,0.0,1,1
Q9DCW4,42,7.502,5,2
Q9DCX2,101,78.176,4,4
Q9EQ20,413,0.0,3,3
Q9EQI8,50,0.0,0,0
Q9ERG2,620,41.621,0,0
Q9ERI6,214,4.709,0,0
Q9ERK4,61,14.253,0,0
Q9GZH3,349,34.406,0,0
Q9H2U2,44,63.961,6,5
Q9H9P8,272,6.952,0,0
Q9HAV7,28,127.606,0,0
Q9JHK4,384,0.264,1,1
Q9JI91,48,0.0,5,2
Q9JI91,187,0.0,3,1
Q9JI91,339,5.456,2,2
Q9JI91,781,0.0,1,1
Q9JIF0,167,5.738,2,1
Q9JIF7,623,53.67,0,0
Q9JK23,69,6.601,0,0
Q9N3D9,37,4.559,0,0
Q9N3X2,78,47.817,0,0
Q9N3X2,123,2.678,0,0
Q9N4I4,65,0.173,0,0
Q9N4J2,206,39.675,0,0
Q9N4J2,364,0.477,0,0
Q9N4J2,626,13.774,0,0
Q9N4J2,1330,1.033,1,1
Q9N4J2,1474,32.176,0,0
Q9N4J2,1560,25.958,0,0
Q9N4J2,1600,4.271,0,0
Q9NEN6,100,0.613,2,1
Q9NX63,183,16.387,3,3
Q9NZ09,45,78.775,1,1
Q9NZ45,72,14.05,5,3
Q9NZ45,83,29.906,7,5
Q9QVP4,164,0.0,0,0
Q9QWR8,49,0.728,0,0
Q9QXA5,59,13.789,0,0
Q9QYR9,55,6.03,1,1
Q9QZQ1,642,0.458,3,1
Q9R0Y5,187,13.425,9,3
Q9TXP0,77,21.476,1,1
Q9TZS5,29,0.0,0,0
Q9U2Q8,25,0.0,1,1
Q9U302,242,6.913,0,0
Q9U302,383,92.567,1,1
Q9UAV5,331,3.613,1,1
Q9UBQ7,57,0.008,1,1
Q9UH65,40,5.935,1,1
Q9UKU7,217,0.038,3,3
Q9WTI7,161,13.006,0,0
Q9WTX6,149,24.095,0,0
Q9WUB3,373,0.095,2,1
Q9WUB3,496,17.392,1,1
Q9XVF7,90,0.309,0,0
Q9XVF7,114,0.0,1,1
Q9XW17,78,37.671,1,1
Q9XW17,241,62.669,2,1
Q9XW92,521,2.119,1,1
Q9XWS4,87,3.87,1,1
Q9XWS4,94,35.87,0,0
Q9XXK1,229,0.152,1,1
Q9Y277,65,95.671,9,4
Q9Y277,229,129.934,4,2
Q9Y281,80,0.0,11,4
Q9Y3D6,41,9.327,8,2
Q9Z1P6,55,103.27,1,1
