UniProt_ID,chain,cysteine_pos,SASA,Residue,any10
A2A5R2,,940,6.697,C,0
A2AMM0,,141,34.679,C,0
A2APY7,,199,17.972,C,0
A2AQP0,,954,39.257,C,0
A2AQP0,,1256,37.954,C,0
A2AQP0,,1590,50.188,C,0
A3QMC5,,44,3.348,C,1
A3QMC5,,79,41.268,C,1
A7E2Y1,,1460,39.47,C,0
A7XZE4,,36,31.586,C,0
B1AKQ8,,25,42.721,C,0
B2RPV6,,913,17.724,C,0
D3YYU8,,33,0.0,C,0
D3YYU8,,1748,23.88,C,0
D3YYU8,,1757,52.268,C,0
E9PCR7,,346,2.011,C,0
E9Q8Q6,,895,4.021,C,0
E9Q8Q6,,1021,15.829,C,0
F5H423,,148,45.227,C,0
F5H7C4,,34,19.974,C,1
G5ECU5,,87,22.615,C,0
G5ECU5,,602,1.887,C,0
G5EEI4,,240,7.122,C,0
G5EEK8,,209,2.011,C,0
G5EEV5,,8,55.636,C,0
H2L0M0,,1843,1.887,C,0
M0R117,,109,0.0,C,0
O00151,,73,6.909,C,1
O00330,,307,2.011,C,1
O00483,,44,42.748,C,1
O01504,,34,24.819,C,0
O01868,,6,3.348,C,0
O02056,,95,9.044,C,0
O02056,,216,0.0,C,0
O02286,,108,0.0,C,0
O08553,,504,68.117,C,1
O08638,,701,16.839,C,0
O08709,,47,0.0,C,1
O08749,,484,53.528,C,0
O09161,,53,7.706,C,1
O14818,,91,0.0,C,1
O14958,,53,2.011,C,1
O16368,,402,3.774,C,0
O17071,,364,1.887,C,1
O17570,,38,3.561,C,1
O17622,,19,0.0,C,0
O18650,,99,3.898,C,1
O35074,,232,33.562,C,1
O35386,,89,1.887,C,1
O35639,,202,1.674,C,1
O35855,,22,80.133,C,0
O43678,,58,31.799,C,1
O43813,,183,0.0,C,1
O44480,,112,0.0,C,0
O45011,,94,0.0,C,1
O45012,,256,0.0,C,0
O45552,,285,23.679,C,0
O45713,,37,43.668,C,0
O45865,,259,0.0,C,0
O55023,,64,58.984,C,1
O55111,,844,18.3,C,1
O55143,,471,1.887,C,1
O55143,,498,0.0,C,1
O55143,,560,13.922,C,1
O62277,,57,5.359,C,0
O70250,,153,14.739,C,1
O70468,,562,0.0,C,1
O70468,,715,53.652,C,0
O70492,,140,0.0,C,1
O75208,,153,4.021,C,1
O75323,,85,10.053,C,1
O75380,,87,7.795,C,1
O75390,,101,1.887,C,1
O75390,,359,1.674,C,1
O75569,,54,44.209,C,1
O75874,,73,0.0,C,1
O75947,,101,46.929,C,1
O88844,,114,5.092,C,1
O95299,,253,0.0,C,1
O95563,,54,40.471,C,1
O95831,,441,0.0,C,1
P00367,,376,5.448,C,1
P00505,,106,5.784,C,1
P00505,,295,2.011,C,1
P00505,,382,0.0,C,1
P00558,,50,0.0,C,1
P00558,,316,5.661,C,1
P00568,,25,0.0,C,1
P00568,,187,3.898,C,1
P01009,,256,10.053,C,1
P01029,,1612,7.246,C,0
P01834,,27,0.0,C,1
P01834,,87,0.0,C,1
P01834,,107,123.062,C,0
P01857,,27,0.0,C,1
P01857,,308,0.0,C,1
P01859,,246,0.0,C,1
P01859,,304,0.0,C,1
P01861,,305,0.0,C,1
P01872,,352,0.0,C,0
P01942,,105,2.011,C,1
P02088,,94,12.064,C,1
P02089,,94,5.359,C,1
P02144,,111,4.021,C,1
P02468,,30,37.61,C,1
P02566,,189,22.96,C,0
P02566,,259,0.0,C,0
P02675,,316,0.0,C,1
P02765,,358,7.459,C,0
P02768,,99,24.289,C,1
P02768,,125,7.919,C,1
P02768,,148,1.887,C,1
P02768,,201,16.661,C,1
P02768,,224,0.0,C,1
P02768,,289,14.244,C,1
P02768,,416,4.021,C,1
P02787,,58,24.111,C,1
P02787,,213,0.0,C,1
P02787,,596,0.0,C,1
P02787,,656,7.548,C,1
P02790,,408,5.022,C,1
P04075,,73,0.0,C,1
P04075,,135,1.887,C,1
P04075,,202,0.0,C,1
P04075,,240,9.044,C,1
P04075,,339,13.393,C,1
P04080,,3,79.295,C,1
P04117,,118,6.032,C,1
P04179,,220,15.28,C,1
P04247,,67,27.901,C,1
P04406,,247,0.0,C,1
P04843,,477,18.096,C,1
P04919,,215,6.909,C,1
P05064,,73,0.0,C,1
P05064,,150,0.0,C,1
P05064,,202,0.0,C,1
P05064,,240,7.246,C,1
P05064,,290,1.674,C,1
P05064,,339,11.719,C,1
P05090,,185,34.794,C,1
P05125,,129,51.037,C,1
P05125,,145,25.937,C,1
P05141,,160,0.0,C,1
P05166,,90,18.547,C,1
P05201,,391,0.0,C,1
P05202,,212,7.335,C,1
P05202,,295,0.0,C,1
P05202,,382,0.0,C,1
P05413,,125,0.0,C,1
P05690,,185,0.0,C,0
P05690,,209,23.686,C,0
P05690,,1310,0.0,C,1
P05690,,1340,0.0,C,1
P05690,,1476,17.167,C,1
P05690,,1571,13.606,C,0
P06125,,56,4.021,C,0
P06703,,3,47.389,C,0
P06732,,254,0.0,C,1
P06732,,283,13.827,C,1
P06753,,191,34.057,C,1
P06909,,178,10.114,C,0
P06909,,320,10.045,C,0
P07195,,164,0.0,C,1
P07310,,254,0.0,C,1
P07310,,283,9.929,C,1
P07339,,329,24.66,C,1
P07355,,133,6.697,C,1
P07724,,99,33.086,C,1
P07724,,148,1.887,C,1
P07724,,416,0.0,C,1
P07724,,472,17.121,C,1
P07724,,485,0.0,C,1
P07724,,500,0.0,C,1
P07724,,511,19.488,C,1
P07724,,538,11.719,C,1
P07724,,591,9.682,C,1
P07759,,260,0.0,C,0
P07900,,420,0.0,C,1
P07919,,53,0.0,C,1
P07951,,36,37.529,C,1
P07951,,190,33.597,C,1
P07954,,434,2.011,C,1
P08032,,963,7.37,C,0
P08122,,137,17.724,C,0
P08133,,552,1.674,C,1
P08228,,147,3.348,C,1
P08238,,412,2.011,C,1
P08249,,275,7.741,C,1
P08559,,41,10.718,C,1
P08559,,261,1.674,C,1
P08590,,76,0.0,C,1
P08590,,182,25.465,C,1
P08670,,328,41.481,C,1
P09103,,345,0.0,C,1
P09411,,50,0.0,C,1
P09446,,17,1.887,C,1
P09446,,243,7.459,C,0
P09446,,307,0.0,C,0
P09446,,575,0.0,C,0
P09493,,190,33.102,C,1
P09541,,74,0.0,C,0
P09542,,85,0.0,C,1
P09972,,135,0.0,C,1
P0DM41,,258,0.0,C,1
P0DM41,,286,0.0,C,1
P0DMV9,,17,3.774,C,1
P0DMV9,,306,0.0,C,1
P0DMV9,,603,0.0,C,1
P10126,,234,9.469,C,1
P10567,,616,46.84,C,0
P10649,,174,1.674,C,1
P10768,,11,19.859,C,1
P10809,,237,0.0,C,1
P10986,,218,3.348,C,1
P10986,,286,1.674,C,1
P11142,,17,1.887,C,1
P11152,,445,23.42,C,0
P11177,,263,0.0,C,1
P11216,,496,17.167,C,1
P11216,,581,0.0,C,0
P11216,,808,12.064,C,1
P11310,,244,2.011,C,1
P12235,,160,0.0,C,1
P12235,,257,0.0,C,0
P12277,,254,1.887,C,1
P12883,,400,1.887,C,1
P12883,,672,0.0,C,1
P12883,,695,7.795,C,0
P12883,,905,28.025,C,1
P12883,,947,39.718,C,1
P12883,,1249,35.573,C,1
P12883,,1340,38.708,C,1
P12883,,1411,31.339,C,1
P12883,,1748,31.621,C,0
P13020,,329,3.774,C,1
P13533,,1750,31.675,C,0
P13535,,908,21.993,C,1
P13541,,38,0.0,C,1
P13541,,793,31.428,C,0
P13541,,906,23.826,C,0
P13637,,418,0.0,C,1
P13639,,67,29.656,C,1
P13647,,55,74.032,C,0
P13804,,109,0.0,C,1
P13929,,399,15.961,C,1
P14152,,137,0.0,C,1
P14152,,154,0.0,C,1
P14174,,81,9.346,C,1
P14618,,326,0.0,C,1
P14618,,358,0.0,C,1
P14685,,206,3.348,C,1
P15090,,118,4.021,C,1
P15259,,23,3.774,C,1
P15259,,153,15.076,C,1
P16125,,164,0.0,C,1
P16615,,447,3.898,C,1
P16615,,471,5.448,C,1
P16615,,498,0.0,C,1
P16858,,245,0.0,C,1
P16858,,282,47.504,C,1
P17174,,46,46.921,C,1
P17426,,830,0.0,C,1
P17540,,90,0.0,C,1
P17568,,80,2.011,C,1
P17661,,333,44.493,C,1
P17742,,62,0.0,C,1
P18206,,422,13.942,C,1
P18206,,545,0.0,C,1
P18206,,737,0.0,C,1
P18206,,1053,0.0,C,1
P18242,,327,34.377,C,1
P18948,,192,0.0,C,0
P18948,,384,0.0,C,0
P18948,,468,0.0,C,0
P18948,,655,3.348,C,1
P18948,,924,0.0,C,0
P18948,,1364,0.0,C,0
P18948,,1646,1.674,C,0
P19096,,274,21.622,C,0
P19324,,155,3.685,C,0
P19367,,628,1.887,C,1
P19367,,813,7.548,C,1
P19404,,225,55.334,C,0
P19625,,110,56.232,C,0
P20073,,413,5.022,C,1
P20674,,96,1.674,C,1
P21399,,392,2.011,C,1
P21550,,357,0.0,C,1
P21796,,127,33.315,C,1
P21796,,232,11.232,C,1
P21810,,321,0.0,C,0
P21980,,230,14.155,C,1
P22626,,50,13.393,C,1
P22695,,192,0.0,C,1
P22907,,114,1.887,C,0
P23116,,160,0.0,C,1
P23249,,7,37.212,C,0
P23284,,202,10.045,C,1
P24539,,239,35.325,C,1
P24549,,133,4.021,C,1
P24668,,146,29.806,C,0
P24752,,119,28.564,C,1
P24752,,196,0.0,C,1
P25444,,222,0.0,C,1
P25705,,244,0.0,C,1
P26041,,284,2.011,C,1
P26231,,767,6.697,C,1
P26638,,300,0.0,C,1
P27348,,25,8.042,C,1
P27420,,46,0.0,C,0
P27604,,280,21.746,C,0
P27612,,12,9.435,C,0
P28331,,92,0.0,C,0
P28352,,207,0.0,C,0
P29691,,382,0.0,C,0
P29691,,585,0.0,C,1
P29691,,598,0.0,C,1
P29691,,645,1.887,C,0
P29788,,24,0.0,C,0
P30044,,100,0.0,C,1
P30048,,229,22.615,C,1
P30086,,133,20.159,C,1
P30086,,168,0.0,C,1
P30405,,203,6.697,C,1
P31001,,332,34.9,C,1
P31040,,536,7.671,C,1
P31040,,654,5.784,C,1
P31930,,154,9.009,C,1
P31930,,410,0.0,C,1
P31930,,445,2.011,C,1
P32119,,172,23.898,C,1
P32261,,54,21.498,C,1
P33121,,108,0.0,C,1
P34334,,101,52.944,C,0
P34346,,53,13.208,C,1
P34455,,382,5.695,C,0
P34563,,77,1.887,C,1
P34690,,314,0.0,C,0
P35579,,740,0.0,C,1
P35609,,48,0.0,C,1
P35609,,161,0.0,C,1
P35609,,187,0.0,C,1
P35609,,339,2.011,C,1
P35609,,487,21.162,C,1
P35609,,862,0.0,C,1
P35754,,8,56.603,C,1
P36542,,103,0.0,C,1
P36552,,308,0.0,C,1
P37806,,493,68.152,C,1
P38646,,487,2.011,C,1
P38646,,608,7.919,C,1
P40925,,137,0.0,C,1
P40925,,154,0.0,C,1
P40926,,212,8.371,C,1
P40926,,285,0.0,C,1
P40939,,322,5.784,C,1
P40939,,349,0.0,C,1
P40939,,470,0.0,C,1
P40939,,747,1.887,C,1
P41216,,109,0.0,C,0
P41216,,626,8.796,C,1
P41932,,96,0.0,C,0
P41988,,239,0.0,C,0
P42765,,179,0.0,C,1
P42932,,347,0.0,C,1
P46471,,225,1.887,C,1
P46471,,236,20.647,C,0
P46561,,119,0.0,C,0
P46561,,292,1.674,C,0
P46563,,153,0.0,C,1
P46769,,107,0.0,C,0
P46769,,163,2.011,C,0
P47208,,410,0.0,C,0
P47738,,388,5.661,C,1
P47857,,709,2.011,C,1
P47934,,449,1.887,C,0
P47962,,62,0.0,C,1
P47962,,76,0.0,C,1
P48047,,141,0.0,C,1
P48150,,86,0.0,C,1
P48150,,140,37.76,C,0
P48154,,109,46.832,C,1
P48154,,199,0.0,C,1
P48158,,28,18.416,C,1
P48158,,63,0.0,C,1
P48681,,493,83.377,C,1
P48735,,113,2.011,C,1
P48735,,154,1.674,C,1
P48735,,418,16.166,C,1
P48758,,226,0.0,C,1
P48962,,57,0.0,C,1
P48962,,129,32.003,C,1
P48962,,160,0.0,C,1
P48962,,257,0.0,C,1
P49041,,72,6.032,C,0
P49196,,47,15.59,C,0
P49196,,77,3.774,C,0
P49196,,114,3.898,C,1
P49197,,57,0.0,C,1
P49368,,173,1.887,C,1
P49615,,94,20.331,C,1
P49722,,137,0.0,C,1
P49753,,183,5.661,C,1
P50140,,106,15.536,C,0
P50140,,417,7.706,C,0
P50395,,414,0.0,C,1
P50431,,329,0.0,C,0
P50432,,230,6.909,C,0
P50461,,25,5.908,C,0
P50461,,58,3.774,C,0
P50461,,79,35.035,C,1
P50461,,120,0.0,C,1
P50461,,168,5.908,C,1
P50462,,25,5.908,C,0
P50880,,157,5.022,C,0
P50991,,410,0.0,C,1
P50995,,226,1.887,C,1
P50995,,384,8.796,C,1
P50995,,501,0.0,C,1
P51174,,166,7.459,C,1
P51174,,351,0.0,C,1
P51403,,139,35.591,C,0
P51403,,178,15.219,C,1
P51403,,184,19.982,C,0
P51403,,218,0.0,C,1
P51830,,104,4.021,C,0
P51881,,129,32.375,C,1
P51881,,257,0.0,C,0
P52015,,40,0.0,C,0
P52015,,122,0.0,C,0
P52179,,798,0.0,C,1
P52275,,12,22.727,C,1
P52480,,326,0.0,C,1
P52503,,79,4.021,C,1
P52819,,27,0.0,C,1
P52821,,95,30.514,C,1
P53013,,326,0.0,C,1
P53026,,66,0.0,C,1
P54071,,113,3.898,C,1
P54071,,154,1.709,C,1
P54071,,402,0.0,C,1
P54071,,418,23.075,C,1
P54216,,312,0.0,C,0
P54310,,163,3.561,C,1
P54823,,361,13.462,C,1
P55084,,458,0.0,C,1
P55155,,1312,0.0,C,0
P55155,,1613,16.989,C,0
P55292,,899,22.589,C,1
P55809,,235,1.674,C,1
P55809,,465,10.896,C,1
P55809,,504,7.122,C,1
P56134,,7,63.857,C,1
P56381,,19,33.067,C,1
P56391,,30,3.898,C,1
P58771,,190,35.236,C,1
P60174,,42,0.0,C,1
P60174,,67,0.0,C,1
P60174,,127,0.0,C,1
P60174,,218,0.0,C,1
P60709,,17,0.0,C,1
P60710,,217,3.348,C,1
P61866,,17,5.908,C,1
P62242,,174,2.011,C,1
P62717,,64,30.417,C,1
P62754,,12,0.0,C,1
P62784,,74,2.011,C,0
P62879,,25,55.671,C,1
P62879,,148,6.032,C,1
P62937,,52,11.94,C,1
P62937,,115,0.0,C,1
P62937,,161,11.719,C,1
P63104,,25,8.042,C,1
P63220,,56,3.898,C,1
P68032,,219,3.348,C,1
P68032,,259,0.0,C,1
P68032,,287,0.0,C,1
P68032,,376,1.674,C,1
P68033,,219,1.674,C,1
P68033,,259,0.0,C,1
P68033,,287,1.674,C,1
P68133,,259,0.0,C,1
P68133,,287,1.674,C,1
P68371,,12,26.679,C,1
P68372,,12,27.228,C,1
P68372,,303,5.235,C,1
P68871,,94,7.37,C,1
P68871,,113,45.796,C,1
P69905,,105,6.032,C,1
P70266,,432,17.058,C,0
P70296,,13,18.096,C,1
P70404,,81,28.779,C,1
P80316,,407,7.919,C,1
P84104,,72,42.508,C,1
P91303,,104,46.708,C,0
P97333,,54,0.0,C,0
P97384,,382,5.235,C,1
P97443,,125,17.751,C,1
P97447,,126,19.851,C,0
P98156,,246,6.909,C,0
P98192,,53,57.742,C,0
P99028,,51,1.887,C,1
P99028,,65,11.089,C,1
P99029,,200,18.938,C,1
Q01063,,319,29.081,C,1
Q01339,,264,0.0,C,0
Q01341,,418,8.371,C,1
Q02338,,63,0.0,C,0
Q02566,,37,5.661,C,1
Q02566,,401,5.784,C,1
Q02566,,674,0.0,C,1
Q02566,,697,13.827,C,1
Q02566,,907,31.799,C,0
Q02566,,949,41.605,C,1
Q02566,,1342,38.797,C,1
Q02566,,1413,29.541,C,0
Q02566,,1750,35.696,C,0
Q04447,,283,9.929,C,1
Q05036,,383,0.0,C,1
Q06323,,22,15.838,C,1
Q07076,,388,3.348,C,0
Q07417,,246,0.0,C,1
Q07750,,110,16.502,C,1
Q07968,,136,0.0,C,0
Q09533,,105,39.393,C,0
Q09543,,150,1.674,C,0
Q10454,,61,5.022,C,1
Q10454,,179,18.841,C,0
Q10454,,242,8.796,C,0
Q10454,,312,7.919,C,1
Q10454,,341,0.0,C,1
Q13011,,102,0.0,C,1
Q13423,,1073,0.0,C,1
Q14896,,566,0.0,C,0
Q14896,,623,9.009,C,0
Q14896,,651,31.339,C,0
Q14C51,,259,7.795,C,0
Q15124,,165,0.0,C,0
Q15435,,104,11.816,C,1
Q16698,,86,0.0,C,1
Q16698,,116,1.674,C,1
Q16798,,223,5.235,C,0
Q16836,,211,15.165,C,1
Q17763,,162,61.536,C,1
Q17832,,214,0.0,C,0
Q18688,,682,60.967,C,0
Q19102,,88,21.977,C,1
Q19162,,79,5.572,C,1
Q19264,,299,0.0,C,0
Q19278,,345,0.0,C,0
Q19626,,94,0.0,C,0
Q19877,,8,50.214,C,0
Q19980,,44,17.724,C,0
Q1XH17,,456,14.074,C,1
Q20206,,110,2.011,C,1
Q20206,,128,1.674,C,0
Q20363,,5,47.361,C,1
Q21215,,188,7.706,C,0
Q21276,,390,14.066,C,1
Q23621,,313,0.0,C,1
Q27245,,443,14.492,C,0
Q27389,,136,1.887,C,0
Q27535,,275,14.074,C,0
Q2TPA8,,218,0.0,C,0
Q3THK7,,523,57.442,C,0
Q3TLP5,,13,51.463,C,0
Q3TZZ7,,734,1.674,C,1
Q3U0S6,,432,0.0,C,1
Q3U186,,3,7.671,C,1
Q3UHD6,,191,0.0,C,0
Q3UHZ5,,89,58.311,C,0
Q3URS9,,311,34.9,C,0
Q4G0N4,,58,21.47,C,0
Q58A65,,1155,24.606,C,0
Q5BKX8,,288,61.283,C,0
Q5JXI2,,87,46.452,C,1
Q5PRF0,,586,52.562,C,0
Q5SXM2,,687,37.46,C,0
Q60597,,904,0.0,C,1
Q61107,,417,51.641,C,1
Q61129,,78,2.011,C,0
Q61171,,172,23.898,C,1
Q61233,,346,0.0,C,1
Q61234,,412,3.348,C,0
Q61543,,563,0.0,C,0
Q61655,,324,12.694,C,1
Q62234,,778,0.0,C,1
Q62261,,1284,6.909,C,1
Q63844,,83,0.0,C,1
Q64105,,235,7.548,C,0
Q64449,,67,8.371,C,0
Q64727,,325,5.448,C,1
Q65XX1,,492,31.799,C,1
Q69ZR2,,2260,0.0,C,0
Q6P8J7,,90,0.0,C,1
Q6P8J7,,180,2.011,C,1
Q6P8J7,,238,23.659,C,1
Q6P8J7,,317,15.59,C,1
Q6P8X1,,149,21.286,C,1
Q6YN16,,218,1.674,C,1
Q6ZPJ3,,336,18.176,C,0
Q6ZQ38,,237,2.011,C,0
Q702N8,,1215,56.157,C,0
Q71LX4,,723,0.0,C,1
Q71RI9,,432,0.0,C,1
Q76MZ3,,377,6.032,C,0
Q7TMF3,,92,29.435,C,0
Q7TNS2,,13,11.816,C,0
Q7TSV4,,58,6.032,C,0
Q7Z072,,228,44.237,C,0
Q80TV8,,173,3.561,C,0
Q80U72,,1594,65.049,C,0
Q80UM3,,238,54.998,C,1
Q80WP8,,470,1.709,C,0
Q80XL6,,106,2.011,C,0
Q80YV4,,787,7.548,C,1
Q811U4,,167,1.887,C,1
Q8BFY9,,790,0.0,C,0
Q8BGC4,,218,1.674,C,1
Q8BGH2,,237,27.989,C,1
Q8BGI7,,263,9.078,C,0
Q8BHC4,,135,1.674,C,1
Q8BHF7,,477,7.548,C,0
Q8BIJ6,,91,13.03,C,1
Q8BIJ6,,883,0.0,C,0
Q8BKC5,,1057,1.709,C,0
Q8BKY8,,55,13.951,C,1
Q8BMF3,,19,62.827,C,1
Q8BMF4,,33,78.841,C,1
Q8BMF4,,45,64.563,C,0
Q8BMF4,,163,0.0,C,0
Q8BML9,,687,0.0,C,0
Q8BMS1,,349,1.887,C,1
Q8BMS1,,470,1.674,C,1
Q8BMS1,,550,0.0,C,1
Q8BMS4,,156,5.022,C,0
Q8BT60,,249,0.0,C,1
Q8BTI9,,110,66.121,C,0
Q8BWT1,,179,0.0,C,1
Q8BWT1,,287,19.301,C,1
Q8BYM8,,511,2.011,C,1
Q8C129,,305,0.0,C,0
Q8C1A5,,427,30.506,C,0
Q8CEE7,,201,4.021,C,0
Q8CG76,,222,13.154,C,0
Q8CGC7,,336,3.561,C,1
Q8CGY6,,207,0.0,C,0
Q8CGY6,,368,28.922,C,0
Q8CGY6,,786,6.032,C,0
Q8CGY8,,44,0.0,C,0
Q8CHT0,,347,9.751,C,1
Q8JZQ2,,625,1.887,C,1
Q8K0E8,,85,35.449,C,0
Q8K0E8,,213,42.845,C,0
Q8K0E8,,260,0.0,C,0
Q8K0Z7,,157,0.0,C,1
Q8K1N1,,33,46.069,C,0
Q8K2B3,,89,0.0,C,1
Q8K2B3,,266,8.371,C,0
Q8K2B3,,357,1.887,C,1
Q8K2B3,,536,5.661,C,1
Q8K2B3,,654,5.908,C,1
Q8K2Y7,,89,11.638,C,1
Q8K370,,197,0.0,C,0
Q8K411,,850,25.272,C,1
Q8QZS1,,44,3.774,C,1
Q8QZT1,,116,23.72,C,1
Q8QZT1,,123,10.053,C,1
Q8QZT1,,193,0.0,C,1
Q8R1Q8,,247,0.0,C,0
Q8R216,,166,5.022,C,0
Q8R3B1,,96,0.0,C,0
Q8R4N0,,103,0.0,C,1
Q8VDD5,,789,42.997,C,0
Q8VEM8,,232,11.94,C,1
Q8WQA8,,35,3.898,C,0
Q8WQA8,,69,44.884,C,0
Q91UZ5,,92,3.596,C,0
Q91V92,,509,8.371,C,1
Q91V92,,623,12.064,C,1
Q91VD9,,64,0.0,C,0
Q91VD9,,75,12.907,C,0
Q91VD9,,367,0.0,C,1
Q91VD9,,463,11.727,C,1
Q91VR2,,103,0.0,C,1
Q91WC3,,142,3.348,C,0
Q91WK1,,8,61.269,C,0
Q91YT0,,286,18.691,C,0
Q91Z83,,695,21.985,C,1
Q91Z83,,947,53.208,C,1
Q91ZE0,,80,1.674,C,0
Q921G7,,265,22.437,C,1
Q921G7,,386,21.142,C,0
Q921G7,,560,5.695,C,0
Q921I1,,137,0.0,C,1
Q921I1,,363,0.0,C,0
Q921I1,,597,0.0,C,1
Q921M3,,547,15.102,C,0
Q922B2,,334,23.446,C,0
Q924T2,,13,58.209,C,0
Q924X2,,448,4.021,C,1
Q924X2,,548,1.674,C,0
Q924X2,,586,7.548,C,0
Q924X2,,608,3.561,C,1
Q93572,,27,4.021,C,0
Q93572,,119,35.696,C,0
Q93573,,81,34.454,C,0
Q93576,,109,8.371,C,1
Q93576,,117,0.0,C,1
Q93934,,41,22.1,C,0
Q93934,,319,0.0,C,0
Q94300,,79,3.685,C,1
Q95X44,,83,53.332,C,1
Q95X44,,151,0.0,C,0
Q95Y04,,22,16.085,C,1
Q95Y90,,72,0.0,C,0
Q95YF3,,98,0.0,C,0
Q966I8,,70,0.0,C,0
Q96FJ2,,24,9.38,C,1
Q96GK7,,215,0.0,C,1
Q99798,,126,0.0,C,1
Q99798,,226,0.0,C,1
Q99798,,385,7.706,C,1
Q99798,,592,0.0,C,1
Q99JR6,,133,5.661,C,0
Q99JW4,,219,1.887,C,0
Q99JY0,,436,0.0,C,1
Q99KI0,,126,0.0,C,1
Q99KI0,,385,5.695,C,1
Q99KI0,,592,0.0,C,1
Q99KV1,,169,1.887,C,0
Q99L43,,99,37.212,C,0
Q99L47,,208,17.38,C,1
Q99LC5,,53,0.0,C,1
Q99NB9,,933,6.032,C,0
Q99NB9,,1250,0.0,C,0
Q9BKU5,,70,34.164,C,0
Q9BKU5,,100,0.0,C,0
Q9BKU5,,141,20.55,C,1
Q9BL19,,146,0.0,C,0
Q9CPP6,,17,20.152,C,0
Q9CPV4,,182,8.44,C,1
Q9CPV4,,206,0.0,C,1
Q9CQ54,,40,32.305,C,0
Q9CQ62,,86,0.0,C,1
Q9CQ62,,116,1.674,C,1
Q9CQ75,,58,31.923,C,1
Q9CQA3,,70,20.728,C,1
Q9CQB5,,99,15.067,C,1
Q9CQJ8,,31,9.717,C,0
Q9CQM9,,148,1.709,C,1
Q9CQQ7,,239,25.643,C,1
Q9CQT1,,199,2.011,C,0
Q9CR59,,124,38.763,C,0
Q9CR62,,184,7.493,C,1
Q9CXI0,,244,0.0,C,0
Q9CXW4,,72,7.459,C,1
Q9CY73,,96,18.78,C,1
Q9CZ13,,69,0.0,C,1
Q9CZ13,,268,10.505,C,0
Q9CZ13,,380,6.697,C,1
Q9CZ13,,410,0.0,C,1
Q9CZM2,,27,11.569,C,1
Q9CZU6,,101,0.0,C,1
Q9D0J4,,102,0.0,C,0
Q9D0K2,,504,10.505,C,1
Q9D0M3,,139,10.896,C,0
Q9D0M3,,219,31.721,C,0
Q9D0M5,,24,15.288,C,0
Q9D1M0,,31,0.0,C,1
Q9D1Q6,,189,5.661,C,0
Q9D2G2,,37,73.05,C,0
Q9D2N4,,48,0.0,C,0
Q9D5V5,,188,13.393,C,0
Q9D6R2,,127,0.0,C,0
Q9D8W5,,31,4.021,C,1
Q9DB20,,141,1.887,C,1
Q9DB77,,192,0.0,C,1
Q9DBC7,,18,31.675,C,1
Q9DBJ1,,55,0.0,C,0
Q9DC69,,86,26.918,C,0
Q9DCH4,,260,62.819,C,1
Q9DCL9,,295,8.405,C,1
Q9DCT1,,191,0.0,C,1
Q9DCW4,,42,6.032,C,1
Q9DCX2,,101,39.346,C,1
Q9EQ20,,413,0.0,C,1
Q9EQI8,,50,0.0,C,0
Q9ERG2,,620,24.571,C,0
Q9ERI6,,214,1.674,C,0
Q9ERK4,,61,9.717,C,0
Q9GZH3,,349,20.311,C,0
Q9H2U2,,44,30.611,C,1
Q9H9P8,,272,5.022,C,0
Q9HAV7,,28,57.371,C,0
Q9JHK4,,384,0.0,C,1
Q9JI91,,48,0.0,C,1
Q9JI91,,187,0.0,C,1
Q9JI91,,339,3.685,C,1
Q9JI91,,781,0.0,C,1
Q9JIF0,,167,0.0,C,1
Q9JIF7,,623,34.555,C,0
Q9JK23,,69,5.448,C,0
Q9N3D9,,37,4.021,C,0
Q9N3X2,,78,25.272,C,0
Q9N3X2,,123,0.0,C,0
Q9N4I4,,65,0.0,C,0
Q9N4J2,,206,30.382,C,0
Q9N4J2,,364,0.0,C,0
Q9N4J2,,626,10.258,C,0
Q9N4J2,,1330,0.0,C,1
Q9N4J2,,1474,13.606,C,0
Q9N4J2,,1560,27.425,C,0
Q9N4J2,,1600,3.348,C,0
Q9NEN6,,100,0.0,C,1
Q9NX63,,183,7.013,C,1
Q9NZ09,,45,34.598,C,1
Q9NZ45,,72,15.617,C,1
Q9NZ45,,83,24.784,C,1
Q9QVP4,,164,0.0,C,0
Q9QWR8,,49,2.011,C,0
Q9QXA5,,59,11.109,C,0
Q9QYR9,,55,4.021,C,1
Q9QZQ1,,642,0.0,C,1
Q9R0Y5,,187,5.784,C,1
Q9TXP0,,77,18.416,C,1
Q9TZS5,,29,0.0,C,0
Q9U2Q8,,25,0.0,C,1
Q9U302,,242,6.8,C,0
Q9U302,,383,51.072,C,1
Q9UAV5,,331,5.235,C,1
Q9UBQ7,,57,0.0,C,1
Q9UH65,,40,1.674,C,1
Q9UKU7,,217,0.0,C,1
Q9WTI7,,161,5.022,C,0
Q9WTX6,,149,17.84,C,0
Q9WUB3,,373,0.0,C,1
Q9WUB3,,496,6.697,C,1
Q9XVF7,,90,0.0,C,0
Q9XVF7,,114,0.0,C,1
Q9XW17,,78,21.869,C,1
Q9XW17,,241,31.497,C,1
Q9XW92,,521,0.0,C,1
Q9XWS4,,87,3.348,C,1
Q9XWS4,,94,25.589,C,0
Q9XXK1,,229,0.0,C,1
Q9Y277,,65,54.483,C,1
Q9Y277,,229,77.346,C,1
Q9Y281,,80,0.0,C,1
Q9Y3D6,,41,7.706,C,1
Q9Z1P6,,55,61.501,C,1
